perf_test_1000,5CxGSuTtvzEctvocjAGntoaS6n6jPQjQHp7hDG1gAuxGvbYJ
perf_test_1001,5FgBZ2faogKYUJSgRDoppvMRXjzp5hgte9PCucxZRVimVk28
perf_test_1002,5FUbUtx1tDB4gXjS9vr6t4Q9sE275yJZhCpu8CuYSmD9Rj8v
perf_test_1003,5CgsHGXnndaVK5tX5gL2FqVm388vcZS3xtQSfCHCNJHtxQZo
perf_test_1004,5HGLdr9U2pLJEd1NqYVq6ZEfvv4oFv9dRbtyoph9Dubr6hjq
perf_test_1005,5DhB242aKBSzQ8HXceYwn8y4d4KD363AXrj24M5xaAtVPa8C
perf_test_1006,5CyT8XvXcT7qVhybbEDA8fwqcu7TKvVcDkx2D5fd4pmh9PWV
perf_test_1007,5DMfciUi28TwB9Uj6obTc3gHfryNd8NWRQW7tLQPiQDtACeT
perf_test_1008,5E4hR2CnAhboDqzsgU9Vmtq3ZZPW7Kd5VWYkE6xE4do83K7s
perf_test_1009,5GmoAtp1tGRqV5bEeYNF5SKEzvFS6tqtxbBvtdNZdNw5weNx
perf_test_1010,5FB82k1k2tfRE3erqKANVvVY67ctjfLcQtoyvxt2kppA4bAZ
perf_test_1011,5CM4quAMiAXuSaBgz9QdcRoGAwSPu1BrKoTuM6s2U8R8Ksmz
perf_test_1012,5FcUNwEEkW73UkpTNVF9c2qciS1PYA1U7vxBNtRxhzXb6E5N
perf_test_1013,5He1Pbx1DYGSDN4PX9Q5DD1dGFm8VS84jreenPRzaARPvbHM
perf_test_1014,5DjMPM5KVmKeXKHPNTyk1yNHEBnnE3Bbyb3SNDs4FhrzNSRu
perf_test_1015,5DqxwKEycQsAGUM4rUe8G31R2GM1imxn53vGf3hyTJYSLSFc
perf_test_1016,5DLPaXg6wSoStP5yhngQRTJPhs7kMSYngB7pCp52nGfXpBK5
perf_test_1017,5HcDi8nVuf11wq8Bqf3MwsnGmqH6cMTcgYxpQ68LFzdiMEBV
perf_test_1018,5EbK9fuon2XbJbbBNrSpiSHBLLyqWxJYJsaHZNahLVmJWYVp
perf_test_1019,5CyQnnhUFTmPZPe3KxJnHWkBSgNpVGwbf4z6m3Cde5eELkuK
perf_test_1020,5DkEL5kb3DvxZ4C3MWQStgUnVRKWjcSw8aZHuAF4GHUygBZQ
perf_test_1021,5CBBFkLDKfLm73GrfK3U8v1grZqu4sTwqYrSLLjFfNxV7owQ
perf_test_1022,5FwoUKrFdBJXowoXr6TvFGtDUs9JRM5eLdMqVNox9BvUsGjF
perf_test_1023,5GoFm6uuoeXm7V2a56HsPcims5DrYAmBeDYgdwoQvmrXBvH8
perf_test_1024,5Ew4yd8JPiWTfhot8qHXEwmCTW5Afgevb8MGivnWEkPDUMm7
perf_test_1025,5CLU95GwsAGHGsBe5mvLHvtZP5gRBtAiWvcKUqVtmBoAaPLZ
perf_test_1026,5F8Qzy4yuLrb2nMqapXGs5NHFSTuv8Zeym5QwZZpD3YpgQ8p
perf_test_1027,5CLvkBUjPn4esQ56AzSSPgcZYsEWk29n7tiqrq8AbmrwCd7p
perf_test_1028,5GudpegLn6tPCsWqE6Lh1JJ9pzN2K6EzB1CNvA9vKiSw6Smu
perf_test_1029,5HLCosqmo8eNYQBQemDNrgQQWQ1X68S4dmRRpRrkjzvGcB8y
perf_test_1030,5Cxm6EgDCMJmHphwh6wq2GxnMEDMFUBGy5myrhxzyeNoqk1f
perf_test_1031,5H2xb72KMfCiSaSttPd4Yndhe4AAM8peYnFNE2pg8UoiYvjv
perf_test_1032,5DWv6SmDMe2cAKC4zn2DzEYcfGkTwRejyP3DwfmyTnfQwDNU
perf_test_1033,5GYAfWBH2D1yQ7ZFnYaqmNRLYX2ttH52TixTJp6xKUYLuLFs
perf_test_1034,5D37A5xmUNkoUm6scVSNfdGzr3HsPw7mgxnSiHAgQvnCZYZM
perf_test_1035,5EUmLvnofwkC39BewU73UuAngoRSxmERau5zVTDidyz1iYdG
perf_test_1036,5EnV26aHWg3S3CWhABs5bUjzSSRRh5e3pgZdMBs3UEPa7tYN
perf_test_1037,5H38RnQa3JbrM9TPiGX3memXhtQr6gkgwcoE2AFURe8Po8nL
perf_test_1038,5HGMqPN5eGDUEWZc6vKbAuxHkLREDHSKUtsdF4R6rnXSEhot
perf_test_1039,5Ct1p1uNtEfzYbqS7XNammi1RHDndt1qw6XsfFFSMjAUnGyp
perf_test_1040,5DYcxXDRkV7hdsDRkEbhMGMzCxehqySTdkQAtCEYJvt7CThN
perf_test_1041,5GiLcHrakFQEqeyWXjXZXJtDpgBqvNA4EmX8nGJxMLTwxXZG
perf_test_1042,5E6nyMzpEPmsiKPgPTizscrAqKkSH9KUdybbaH9rQTsJFeCF
perf_test_1043,5EpkZHc2ds2fLzQRyQWhM9br7wC4nKcw6Bx2q1nYWWAfpkb7
perf_test_1044,5G1gqDfjJPmJj5uTXBBqjnH6XHH7E5DiyNeDPqw7b3FfcaxU
perf_test_1045,5C9mrVWZh1ohdmNTRVzeKzFtSmht8J2GGKAKJzwFokW9Z9MY
perf_test_1046,5E6euhtKMV3fgbfdagm2uKD3JQwS7cU5PkH2xDNN3gjhshXa
perf_test_1047,5CB9psXAAumMR3kfUCX3NfhUsPqjHHsxpFJH5HPWuGAYkGHo
perf_test_1048,5Ey6PFgrFSx9SDqPv1mKM4vKjmoPwCHqAaJDNK6pn3zXTrWt
perf_test_1049,5EkkCqg9fd6XjrS1yzK64GyLHA8cxZ53ofDAiWrE7pZRaAse
perf_test_1050,5HJSq4gFzVJFm87vi7SNAs9QJetRP6Jae4zdbaXkMGBnjoBW
perf_test_1051,5FPamwyY6z6NHJjLJfay5TBeMEZm4o2or9tFUcShxarLfBYT
perf_test_1052,5H3wwsfaouJuk7fVGcRHAWwYBNqn1uTjcmrLBywHuFwVAkFs
perf_test_1053,5G6qz6CfgHvmrJ5oDETPqHz9gQNr6DuPdV2Eaaj48hciecj6
perf_test_1054,5DLizgEAVqzSgKuebyekPaDwRE7b1kDeahoWyC5KHZgME8ks
perf_test_1055,5CXyyJffvyJUciScR6gook3r3EKH8H4UFzkd2ry2E8HTmX7e
perf_test_1056,5FbpRjsKEVWwfXMNXb3k8mG9kcBpPk1pbUWHYpPLnT2SDdXU
perf_test_1057,5GzSvHXM2GNqN6FejagRMkvSSfH4nSNR4mj4d9vnPSPXYBFp
perf_test_1058,5E996G9GnVFWDW9QHxGVMRuaGUXN3wuYZLH5GbUz7G3acgPo
perf_test_1059,5CBjJezg5mq2iBx8maN7XavfQk1FvUwbREtboTW4sZkPfqbp
perf_test_1060,5FjnSP4ng4eKEfhXahwqS7hADTKgJVzpE1sUBa2uY5XtxdTe
perf_test_1061,5Ey7N6F8k1nw4x6wBavSzc1yxZoVtCRL1ey6R37Bwshv2cAW
perf_test_1062,5DGjN2NqZ9LSEGP6NDYAEVtMGR6MPWBo5DAC4zQ42NB4EhTH
perf_test_1063,5HK6LB4KjDDYTcgSvjrvubxj1He6hDeits8KFZmrgRtDkeqz
perf_test_1064,5F1MDpHiSXPGLyS7BHKCfYnc89Lf6cSZJ6QoA9gKTmw7LEFa
perf_test_1065,5HG5UkRKRGe735p7Wcc6ZGVtQ1b9YSY1q8gu3SzqzbmtuPqn
perf_test_1066,5HMvRhkfc4XE2Kkqa5oVpcvdRobXJj5qMJS9DZoAwqSAoUud
perf_test_1067,5DMhctGc6PoorRHtDHaj6tzvatoM5hr9fM2dnzS95tx4gXkz
perf_test_1068,5Ch3CYznfxSAvE5GWKBbyEk6Wvp2NNG5ZkkNgvXZMyYSfNWU
perf_test_1069,5GpbEBTr62jN5m9rGD2bQiRYx4St75nczHGNVytf2VuDWoSN
perf_test_1070,5EMmG4UrQpKpT8RCzS3V1Bu9crWYaNwUzoPQKNt4y2jSYzBg
perf_test_1071,5F1uZbtFqpQbyHzrC8fcyABew5VP2kPXvEfvJPtV6VSE118n
perf_test_1072,5CFAea8Y2GtJQZQdmjxaLnpzWfaSPQnDpKRBD4orLFJxisKp
perf_test_1073,5FH9Q2dAetsDnn6Nyb3HCP6idbrhnFWAmXtTccrvAPBG4kTw
perf_test_1074,5GspcJKJobeCnP2LKUWnmJh9tPNxjELuMpUTHufMdDXfHR3f
perf_test_1075,5CCeUnChGDtv5WAFbcXAgvhsgF8VVZaooEoyNc4qFbTkiyuh
perf_test_1076,5DtjXpy6V3nvM4ofskYh6coEbvVTRUJCUFM7KciLVg7uy5mw
perf_test_1077,5GsJemf1tHUmsytJy9UzjDRnDvVaSqHvNmsDW9ZYATBuyQZr
perf_test_1078,5CTPwsGynBgm4nm5nghxpT6euDyiHJdTh18aRb1i8eLwnq8p
perf_test_1079,5Gmss24818Ne6cj8duv8dtMrAL9aQVEvqgwYVnXe2y6AJ4Uf
perf_test_1080,5F8nboQ7BVZtMKxDRNj2Gyph5rQc1foFkq84Sc4EgdBkS99U
perf_test_1081,5GV2Kf4XMy6EAYjUNey7qmjcehvQp39QLkTrwV4DAr9Z11RL
perf_test_1082,5GZN9eEXJmEB28a7nFm22NR4tkiWT1sQYVFDy5uAANaApUBe
perf_test_1083,5H9ePreq2Sf28czuDVRs8GqyCmXeoyVGPPozyjC6kh8P6cQP
perf_test_1084,5DmHXHqr5d7UVVPsqzoSHMCZ1utEtxQmMPAVWEKpvd9BynXS
perf_test_1085,5DZpbXXxzPLR59hM79S6oHZrsikKrSYa7iK8TmSwEUF8dQNx
perf_test_1086,5ErMCnaa7KX4qg5S6j2GxnahH9b2icEXRBfDJG3oMbNjCLrX
perf_test_1087,5CiDrhvrmB7jG8ZQiKMfi8yjD35G1B19oPJ4rZ1NfSxbEyft
perf_test_1088,5D7CQ2g511zV6CTZgBYaMMbh5zrcmhVPNqN1TYPQc9583adV
perf_test_1089,5Cz4Q1Zh6LdCTYNDc65f3EpH8VoZCvEchWqe7aNbBXFku4KY
perf_test_1090,5GNurEvnJbALUgw6Jyiu2gRZuAboTSopcfVd1fxtbHFJXh1u
perf_test_1091,5Dha7EcaDiydvUsLk7pLyiHq5zoHjVmseDNPgNqJ7xdTdW13
perf_test_1092,5GP3HXhouW8TbUDevheBZyquhHprnJ8LX1MpnmXg5X71KZk2
perf_test_1093,5E8fRC6cVN6Rwo2fiLrkfTuVoQsSzkgN4umMZ8o3p3jKF5GQ
perf_test_1094,5CGkjkiRbeshrXVFJh1EvSagPPaVTkXFvLvBQFBFwzaU7Bnc
perf_test_1095,5G6A1np1Bj9cZoTJ3QGDCDWcvNcW8D6Hi56zrfovxoZHyzhJ
perf_test_1096,5ERCSuS2LjC2pjSf6uUPoYmRvJx3ipVuTwWyH4B4t3xpbFQD
perf_test_1097,5GzqD1ct26WwU1kccDU7hTTMcA366B43wf2te428QoHEZVRY
perf_test_1098,5CtSVu38SN9frSuCPuYaLfzXZgLAoS9YNHTrm4uJjTu6p3oq
perf_test_1099,5Dm8jKycNg1S6NZgyVr2XdZYUWaBRrEgqJzsYvtYkFa6PNyg
perf_test_1100,5EYwKPXugubTKDWqJyKdSyBxwTL6JBC9MtGiDeuYPnMVDPk8
perf_test_1101,5EH4mHc6aKnv5EaH1vomskAm6MdDWFX6fxt8rMwwm2V2fsHz
perf_test_1102,5D5euPgY9gVXk97oUgFr4r4amqBx84LivujE8i3vz3MudKdW
perf_test_1103,5EqBKv8szi4q9A4aHbaWtuQvoZZVkTuNW6P8kqmx7VsxaN5C
perf_test_1104,5DHTPNEsBhcUo8kzB5Y91ZNJjjtJ5zb24dtPH9bN3yqFNL2f
perf_test_1105,5EZTt9D7iKD9w783RRt1aEzszBca3TShKiDnFZ3eLVqE9t8N
perf_test_1106,5FvNF6DDfQwabxvK32jQVsFjzwje9FYDkWYEvk5PPLEbtKjX
perf_test_1107,5DaxvtmNz3g72XEBDgRHMK14tnaUUKnwMFqJUMsWB2B68XKm
perf_test_1108,5EKBL97AsVqd8htscX5Qu2M51yBmSmXwpjGthi1V21azqv3s
perf_test_1109,5Fi7156zxaT18z8DconyignbA7m7YbeUUpsWJvVbSW6uurji
perf_test_1110,5FZQE9eVe8wrG9ui1PR4fC95ACeEHnctN9otXszfwFaNpAYt
perf_test_1111,5FuXwHTGi3Leo37hGqT8PiKeMkv4bqDjoK5RhfemWFqm3TYJ
perf_test_1112,5CVWvQQwnzUtecemAJiUDMSewYaoTeTN4xNSqY2QS5kb6f28
perf_test_1113,5HU4xB66S1PfuB1PMjv4V5jhAreFWEyrkTiVcK6YcyVyXXvQ
perf_test_1114,5EyKtDS1xW3NT6AiwzxkT4vbtkUNajoBuDzGnbydDfCb1cHz
perf_test_1115,5EXYFQaDGJN5WQxLAAtsf2ic4h3387mQ9cdnfgKtueJE5cFC
perf_test_1116,5CSfxuWMkdyaGUUQ526qX8opBfxWUgpvfqs5CnUAuJ8eRYA9
perf_test_1117,5ETL4nbgicEGLPymCXtavUxQwrCeg1Zbd2KtohoLP2R1HqiA
perf_test_1118,5ECnK6Ucnb6Dx2GnNKaF97vsRq1ecfTSFQEwyZr1r3ECNHoe
perf_test_1119,5EbV7fQ6Gx7BaBqqXriyjfYdLwQT4pSW8oBozXLjiFbjygmk
perf_test_1120,5Gs2JHmPwYPdfRpTMnGVG4bFHKvJqZRCJSZ5Pox8XozsNK2n
perf_test_1121,5DQV23dJL1LA5QJKzJaJxcfixmakQA6WGHcjAVEkPGFdNvEy
perf_test_1122,5CdXoaQkZwJRYMvsP8pwQs2KDcTgp2U2PK2Uv2z8N289JhWE
perf_test_1123,5GYVu8rwx2WugvFHNaFidp7ggmcRuHtVZwFfKep3LNquD5Jd
perf_test_1124,5G22HQQj58agCMF9ko1Zp1SJiW8orgmwr12gnTcmpP5EPRnm
perf_test_1125,5HCbvDxo8bF3D4zwhqcYgNiekjCXCu5okobLcPhaH6Li3BGW
perf_test_1126,5EQ1ajFJoTEWgxm4AJRrxhASAqZEzBzHAyZns51s9rWNKJHF
perf_test_1127,5Dbf6hip1REceuEPwqXYZ9s7HVZSVjQpWiiaUj1hKsXCmoRM
perf_test_1128,5FMW2uoPEbbNvrux6BfxSBwXErpVEq34E3DVJ3Bzd97fTEZ7
perf_test_1129,5D9jfKL42NTLybuf6MrybCgGoXiaQj1pJfGkarq2L1rKXfuT
perf_test_1130,5F4PWdUfZ4T4KmdDFCLRzsYVGX3A5MvBWHo4RnNxGmrc1iP6
perf_test_1131,5Cgb2EejaUE6bJKdfiarZHgWVZuQ59smjPBRqHVkbGmEsvyL
perf_test_1132,5G54jf9KHiMpV8zMWuJL1cV8PQAwUknLtMnVp1VDpk7zrqMC
perf_test_1133,5DpsKpE5SpBUXQa5uMmmfnT1THhG8E5dg3gNJ5R7xuj3dy4Z
perf_test_1134,5CoaEwJz8QM3Z4fkNze67GExcoAd8dKJ9WUdZ3NxMMRyRFuc
perf_test_1135,5H8c6KEJPKKhLVSXzqoKf2Y4BAHCTdA2ByVBkLvp1HjuJiCR
perf_test_1136,5HRhDB3nqTLvti5TY6SGCa77Enh6qEeD1Ngsq8QZ5W2XJR77
perf_test_1137,5HLdbLa8ZKjUDwW74kW4RTxXXEN7yWTL47c398u4vKzocadw
perf_test_1138,5GNNVXNUQLRXCBxjcwe1SYjwoVgWeMpc4vANK7LidDTnwPtE
perf_test_1139,5H5vKQV1oym1nksDPG5jf1wqR2crBojQSqKdGGykP3KqG5DT
perf_test_1140,5E3k77DF2zbmqq8tvjMY4SEzPknC9wsTXw43tnXFt1c1btti
perf_test_1141,5FX9NKxSipRZ3Wit4VjMP2RzAyB38XfKeD2QFaCtcGio93j9
perf_test_1142,5FQLZgi7TDz2QjNvL8diBQuiXotRvnZkZxkcJhzXLWXjthRN
perf_test_1143,5ED7Pk2v9by76z2J7XDfAoPDuctgSbkfuZsCbcrkVcfRvJDW
perf_test_1144,5FJesswmu9kxvckJv3fFzv1H6RJoiFvo8FJ6Z2xbBS1VJkZx
perf_test_1145,5EAhV7uJHdc3Tgi41nvgSrzisgTHFPcLsQwRYY22MEFJ6Gww
perf_test_1146,5Ccre5ocL4Jq1S3EpeCZJCenmm42boMvn4pokEMSsNbe9xws
perf_test_1147,5Dejdu4zXR1nDResvVKNYnhY8pMLnqTxNX7kConSs3eZfj1b
perf_test_1148,5CEtjUDfxfRqFFGNJRKbHHWoVEV6QrSrmD6XHPtyTiqwbty3
perf_test_1149,5EK4dyMZCLFHYgkj9iN2MG248Dd6jwQrDdkHnwECxE1W52pZ
perf_test_1150,5EtT1WRjpxoGTjKTC9HjVzFFPaQsWyrP6Z9bFS6v1S8V1p7x
perf_test_1151,5HPqhUBkbnuwGgsuHts4zATpk9HVJdgpxmoWQk9ZVKEa1DyE
perf_test_1152,5E1q3wWQYa3otiBFp5jYk4Bc6iAacYdUB7gCX8osSNYQ7RR9
perf_test_1153,5FDX2tDkkuHmhUqrGuujS4Ec2CG4mBAtPLycV98M2xThu79R
perf_test_1154,5EW9wg6XTWjSKisbdLNKoLC9ob5TfouG9rnuK9XJz4yYnGmT
perf_test_1155,5DG5TrnCPGV2BdqcPCQsuXjacAj6d38ZogRexDfkxfcnhhpB
perf_test_1156,5HHi1iJSfskEfTLETPA7rZi8C6WM18HDi9QWF2QzwxnMSBbt
perf_test_1157,5Coiy4FqjNbXYQxZpNEi9bLQPAVehGgijkqSZBuCzSNHHfET
perf_test_1158,5GZPZqDyQQmDiDd2JSoRwv85aiK9ECyqUMGC8iSZTvi5gBMr
perf_test_1159,5G1VQMsCBgGDYVwd5M91R7ifTgCQDZZKcMruEMA1xXpg7jpB
perf_test_1160,5F2ShURAaC4zPJpgb3wShCSFoBAfk5c4cYqNH9vpNyAyaznG
perf_test_1161,5DQSFedPz99iUtyEiHwsyZ2zBQxUbCwmuR9mmUxwBatPkU8x
perf_test_1162,5D4qM8rEkT9KQiWS31jnGPykBYG1gh6NqDdwbYf7GGhUmq1k
perf_test_1163,5CvwDcFGrzBVuRLFeV8n5McUU83M4uc2CCjk4fFy7heVxW7f
perf_test_1164,5CduAoH9MjdhLDfqGTC257uLi16bDYXJtv2sYnu5sidD6YNc
perf_test_1165,5HVoTjFmJW2Z6PQJDzct1Esf7AaicdfJL9W9kwUmFsZ68TGS
perf_test_1166,5HDMchc6qmWzXZ4D6qtTrmF6oc2BXhnvSFgS9CT3jJZhsze2
perf_test_1167,5Giiquiij6kVqdDaFJyWy2igyMfyHFawDAp9NAVYbGKuNXHN
perf_test_1168,5Eb31dhcDCakv3UmwFpoxgegjjwXgHkaNmxxRwE1NcUg5Ye3
perf_test_1169,5FTYsemSSxn9F2eg7MJ12S5tFczdQLepHfBh1LBgoabpydEX
perf_test_1170,5DNanTWpt1MF9KUBc2cZ8HPiuxLKkKXnHaV7CSRZucJXzsiL
perf_test_1171,5DuJpDNPqx8SxBsjDnLZbrpQjStC6vG55jt31jz3cfdyMNFr
perf_test_1172,5EDxD9j4ADkWDbLaZ4eQnuooJq9ouifEyw5uuhkrzC6iEa3h
perf_test_1173,5EBDas5VAEiu89bvZRe8y9fnjgMaExzsjCC9urs3EGBKcEQT
perf_test_1174,5CNGzAxC1bgxTfkPys36Xt36czQk7E84wkQaown1JW1n78zu
perf_test_1175,5GNaZnTFqbrCHuzX6XZ3LRPLYbPyeiz8qeuSQz5QEGaQ66p6
perf_test_1176,5FQjQzoNDJiYX4Rz9Tq5Wphc5y19eBPohF9pp1PSo6CBJuac
perf_test_1177,5Gidb7w8vBJ6bDJt5a8NmQviNfZTp46agfFnfJVJFqbL5uik
perf_test_1178,5DehsDpCXucvygDHVzYd6LozEixGbexXxw6aVsPtibQhfFrt
perf_test_1179,5EMQg4bbijWQLQokA6wxY1Tdyfzxgnr1hc8Y6yqWKdA6tGGj
perf_test_1180,5FhVCEh5unFT5NsgGDpswHFURztZVp34ctcqeZDWijUpN5Da
perf_test_1181,5CqXv7iPe24gw28meGPkzXuCAVGo5s6cv84GQv9dzk7v77Qi
perf_test_1182,5DgbiMvHS3ZvNxvrDJ73Mfs89xjeRRQEgb2PDGCXXA9WjLmf
perf_test_1183,5D4TYW7Qm3bb3tpmGByxbXk46Nk9jRM3KnF18YuLuKYEmoeK
perf_test_1184,5FnQ8yDj22RU5Fmbef8Rm1RwGZanDdwihLpDcbifT7Axents
perf_test_1185,5GTdYjzmTeUcezHm8oDP5p2xbTcsXw9pUjxfWM7ocF9cdTeV
perf_test_1186,5EDdknif78fNzFWLdzkS89yetaatuA9CQxKetHkephbUzVY2
perf_test_1187,5FDuJN6RFbqaAx26azFVmyFP7qRSeQ2HVRJph4FZsVsW8ykv
perf_test_1188,5CwMPzC2ZUijVasADwP5jBzEc8TNphKR3rBtDCQvGiW4xBmE
perf_test_1189,5EJiFErn9LS2SvVA4BE3tX2bsexxN9AGyKfreDZ3S5KkLzfn
perf_test_1190,5Gea4eFWAhEZqKYxVreW4bw73CHN5pV2hWKyQwhqHLNJvHzk
perf_test_1191,5CpM8hkLGXYaSWvx852u8cGd4wsMXPnsUQtc1t494fvtjSJB
perf_test_1192,5EWMGp9fWH7KnSPuxu66wznzt9peMFm985EG1X67TaFNoN6Y
perf_test_1193,5GCg7XSkkmbqAG57N4xWX7a5Xw5MUssCgi5j1bkHyKdGgAst
perf_test_1194,5HgkQGc7tpP2GogvEv15WhAELoTE2K9XUfJ5oHtc3m8Rae6B
perf_test_1195,5GYqjXUY8bHuA6SiCdwgwgQRQ3dTgKPJEHcLKugEZv3W1xzz
perf_test_1196,5Gn9G7oma6jDJ1qrww7G5UwqmxkFJtpYbVQuj3P4Yx2TrGAF
perf_test_1197,5H68cDG2jGZaTRVL7bt4YqoKpEEij3xjByvz4qJ2pPfaFdNi
perf_test_1198,5FHw1KiqjVUszcFm8NE2Ej46ZVmHgqxjQbvh4BfARhWK6Bsh
perf_test_1199,5CNmxr4D5KaD1g8ACqkCpJtjTRoAqXxnZ2GK1kXRWW8HwgwQ
perf_test_1200,5Cz9pKXiwK7HSJmYfcCFVkceS6GJVJYoH1LL3W58g33RPf1t
perf_test_1201,5HMsid22enSUqZw1dyKyrAadGYaHPV99JpdKzUb4WCPqjtph
perf_test_1202,5HQNmkyGvnEYpTaNSedpHwLWDC2FA4ftQYZkfPPv4Lgw4pJ3
perf_test_1203,5Gy6pnAqabby78XQ1NUKGPzh5n5ZJrnc68E3iGyomBZPU66p
perf_test_1204,5He6QyRtYdsHCBqBZpWHpq7n6ARG7pQT2GWqdr43sjDaL9Pd
perf_test_1205,5GRkqCJKodUMs3FCh2UVPGwTNpJEpsK137MCLTWfy5FnMAJ4
perf_test_1206,5HocJ6QGWVGG1ttvXjUMupSVEyWghrZXCmNBiMn892q5hygj
perf_test_1207,5HXfbpwPcxc21Yqw5Wzi76MAcRxgLFktQvF5imezYdRxQHxk
perf_test_1208,5EWCdQ4ZpfJefiXEHR6YLy1uHGBuppNm4p1FzYcoHqccmHmo
perf_test_1209,5DpZ5YC22BqMTGPP3pMqKGK1xee547f2breiXxy3KPB3S4MK
perf_test_1210,5D52NpTrefNZDWpgpr2VU8b4f4HAV3RFW2ArWLHZSgTeNvGD
perf_test_1211,5Hip5BUYGtDgyUt6XWyzWcfxp8Hdns1swzagUKSjx35i3ux1
perf_test_1212,5Fztd87Hg6HGGBuNLFj3UNKXS8z5AYbnHgvKG3qUbTAf4bgZ
perf_test_1213,5Dh73HiYE5vjTewwQmbqALyV3Uy9ypaaTHcQdSgULocrvLkq
perf_test_1214,5EDGm4kEL89A4bySn319r8WWM8vq9B4NVDLLownJKqYvv6iR
perf_test_1215,5H5TUWju52juf8DX1hyyn4SGzCQWoHLy1Pe2gqJ5XksvTT7G
perf_test_1216,5DVT8EALNCjeUgC9Fhp9mBiYYj5xhfTM4fR2CKj2qaE6MwHg
perf_test_1217,5ETcooh1VttRVdV8ZypfQ6ckFNPRv3G9Z1kSwQ7uQxf6cvh6
perf_test_1218,5HeDBxMvgYBb1My5fm4pzQcwCv4p3vhd7BWKUTTeyUm2YoDY
perf_test_1219,5EaVfzZakQaqq9VH2QQgwJQJWwCs5UynsqSnnPEG9yQWqq2S
perf_test_1220,5FLdv3cwvc4zQu8mwofAgQA7pX9e2mpQNDNPXGNhwxx3Qdqq
perf_test_1221,5DCpvTJyCYGKZkzJabzqf3gwU9NDYv2kjPZfJ1vSNqbRUAvA
perf_test_1222,5FpMjKe5Tfp72W8S6ujG6wJDvbr6sbnrsk4foSxHeurG5Aek
perf_test_1223,5Hj7wdpStQsZRVaM9gX3Pqvpv6BAuFwE68Nn6nEw5t8F3QQe
perf_test_1224,5GRSpwWCBafaJNwNVnN5BFYSUHGxXuErWLoKsGk72gUR1acp
perf_test_1225,5EsmgJiCb9gi9GW4gVmDeYwVsG5mQa35zEr4jyytiAuDeTWh
perf_test_1226,5DdcqMWnd2MZ6YAhDU1ixTbpzR1DPWHLfnrhAdCJK1DfNjsd
perf_test_1227,5DEYBmdnSChbwkbKQ86KwzFipAGQZT2stxt7EwS1Xbqwbzbo
perf_test_1228,5HM3RaFYNcNwPQoSPgYWxu66G7d4Y43NGwmbHRgigrSAHH6s
perf_test_1229,5DtMyZNjnA83vZffDTqKFhbeMg8aC7DWa5ruqCUBqXhAJvQ9
perf_test_1230,5DyLTkdKY57XcevaaXgoaiRVxeTrzZFY2T9eGY6zqG3UiohA
perf_test_1231,5Eh3URSUWEPjs6ncsJHz5w2rGUaSQKGEPV5sFt51dZ5b7LNp
perf_test_1232,5HCnqWJdyWmgH9Mj99eW1eNwdiDrzVwCqgSBXEpYYxVvXBu8
perf_test_1233,5DgrRdXD77GXmfnsBTLjfqhF9ZNv3VMY3FFUpqyXiMuxqVHs
perf_test_1234,5G6WBa4v1RozMCLwxG4fnVEESQUKfEr875DaHV47uybyybjc
perf_test_1235,5EDvFUtNCG1qEYNVM2DmXosdEMVzKAVnueiKGn56zGvGKSRh
perf_test_1236,5FH5NHofbf8FjtSk5ADB8UkHbrf1vCdDkAFVpBwrLwEBSxfL
perf_test_1237,5DQTAEJ9te77uD3eLuR9fzSaXYCH4KxfYxzNghJkRm6Y5KrS
perf_test_1238,5GhYCEtnVHvnBRvCqsGG57eJtzG8Kkm4YYmETDRbT7Npgpjs
perf_test_1239,5EVHGQTwZfMdX8rksjJNJ6gdJ68haLHAKv1Abk798nsBqQqA
perf_test_1240,5H69AvRakkRnUEJZPgUCPMzLsnQH2hZNYCiFTraQMSWStazS
perf_test_1241,5HK6UCkYfAoBZUHaB9iFF19JHPtC8o2WeDafe8bhE1ZzMHdS
perf_test_1242,5H1KoGM1yAykEPx4aa7on2uLSue9PvarZtBA9oVoRhQabSDU
perf_test_1243,5GJwg2BfBwWyeArPymNV9Vebz9RrLXUCApCU5CjzoFB3WU1x
perf_test_1244,5EtJPCs2DcPHmfmWtwyYc48XHEikcsmWPSPtsuGECxrgkXNC
perf_test_1245,5FsbYck9cEjcvekMv3RqJdVtkb2WVpemJFURphnaFi1VbvT6
perf_test_1246,5HnX8ZKfkJWyvocdtU3sR12jushV3HFxoDeW3Srci8ovVS9e
perf_test_1247,5CgX693sb6qEoYaUuH11uAd3C9BRED7Ac59gWFdrb6YdtsWa
perf_test_1248,5Frm9m1a9BQUCaSPosZdo9XnaF5QYsu5bYG9EwiNZZK54FY2
perf_test_1249,5GZASPACnQSNh4RdS7sbYg67NPSArX2sxH4i5msqdyv9ynYc
perf_test_1250,5Fhu6XKi6bvdrnvapD8bL3VtAvuee8ZvS8gC1qcFgbEZwQgZ
perf_test_1251,5GjxaTrF43yk1JKMRYmNb1dAFsVXxQWstrLJ5S7z1cakPDKn
perf_test_1252,5GSpEYuourT9dyVDUkd5WH3uk2cQMUjVfAGHnaLhCQDvhYHh
perf_test_1253,5E6GMvTKAnTpy1Ktvj36PxGHkoFrQrwz3KorCgo76wt4agko
perf_test_1254,5FHMAEi2brxdNCQdEeB5YdHT8YyZMJ4Dn3zHhVSgTKVi5giL
perf_test_1255,5C7hszJTXRJusQjhDkGwqej1oZbjFJwUQyWxQBnoAVv8j5hn
perf_test_1256,5HiSaL3PW2Xkso4VArzHiwLuzcRjLufXg7L3ddbM3akm58eR
perf_test_1257,5CUHATkrMKd3XmwvXVncnqWwiSgFbLPAh2AG89j5SQJWbLrq
perf_test_1258,5GQbBX9MqyvVCKFxMXPNSWphRyPZqx98GTLbYSdaktYLjjbW
perf_test_1259,5FxpiHYpmT8YJ3YQzLGpDb8xfZnWd1D422hTAYfR3qZtLAgU
perf_test_1260,5EcHeqqWLm9zyR6XYeh2AXT9T9L1Qo3PTRstueLMe2NM5iPc
perf_test_1261,5HUpo8fNKGxi6M9PXpBnf1XvUqp9Hib8AP7UEBMxTnxSt77A
perf_test_1262,5F2nEhx8AiH9xSrj3RMPuX1thtQZv6Pwt4TKH6x9nkDQwh8H
perf_test_1263,5FBjGtYTozaHSDpVp8DcrLMtPyY9Cm87soWQAsMpB3Km88gc
perf_test_1264,5Docs2hhuGNBM3siWDFE8F2sUQZUxQPmxu9HbgiaExTDqXaC
perf_test_1265,5HDZD5u15YcrNgwrDisRPKQ9ELDMRat5NvyQj5Q4XQAgUziw
perf_test_1266,5CjRFteu9LEDt4yvTxDj1ycKNhSqGeNLgT6W5ydXxw3jpGnF
perf_test_1267,5E89EDDGgiKFM2E6wk2gMHMXgsk4dUuSYXbDmpqGzgR5pjq7
perf_test_1268,5FUNvM5GLvFG8WPfjBayZCNCRhzGXsEdWzx1NrxyKt1SSxQ1
perf_test_1269,5HGExzPaTBQSNMxH7rXEDyNPMgwBMCcpxRAYZkdWChuhMaeD
perf_test_1270,5HTQRpZLwBZgoc3jPJmoY6nomHnEwx8tp5rkAnEC3hEaSNwj
perf_test_1271,5FLSo6C1JApYjVRZhmUqC9Z6tgRorWsSZqAN3ouQwFEhiNb1
perf_test_1272,5G2WQWJQkZrfKR56KCm4rHC1fo5H2xWSRoqPLEjFC3jTywX1
perf_test_1273,5GSTLPzTKBZowEsS1qb4XHjv9K4JXu2EGQ6ZSfU8KpwPDG5d
perf_test_1274,5HJxGb4gkCoCnGGVrjc2oGAwccXPkqT6yPooLLtNGkkmPPxD
perf_test_1275,5GRHVo7A79huyWxBQEiKggEhj7TWw89CfPXjrhbeRLpBsmYi
perf_test_1276,5FNj9HUu4i41AehDkXkFGoLikcbuKyR3yC3eGGdCTzLPDjLv
perf_test_1277,5EEJxKiGcNVbnXtFGgoEepqCvyKqantiTZMxcSfGz4xoyimf
perf_test_1278,5DoE5gwVEcoPRC3GYmDgtiY4mv2SXy6LGBzvLF89LoKDQTS2
perf_test_1279,5FeFdxHXW7TgtrKt4LbFXRun4Waeq2prE5v9uouarFPNGgse
perf_test_1280,5EGFUAxC5xisfXSTZ4R8ZjfQsKjK1xCxFCBTupaLN9TMVZen
perf_test_1281,5FdBcSFhzaBed48SmMPWuR2un2FdB9mqgw5EiWmQsEBSTUxx
perf_test_1282,5D6tBu3GyNRFTneWN8vVAjWXwcFwngvjcmdoRHx48zvv5r2J
perf_test_1283,5E4T5ujGs6yEAJQdHTCTMe7GqcRPtGtrKf3spJRZsDjePfaR
perf_test_1284,5FchkHJU2FYf7KHzGDRPm8Ao9bKZEZfhdZJqyF3BQjxPEpfU
perf_test_1285,5DKr1SacMBoiwjUjoHUMoS9GwAgy6izFfvkruumfLg9SY9ir
perf_test_1286,5EZ39F4fCXP1rb7NYtcZKXDwkRHp3yfQuSPMtqjzvUbXhPqt
perf_test_1287,5Cfd5eEMFj2nAoEnGei6pBch94HGNX5Pe9ozE9F4mt4JFo3b
perf_test_1288,5EryfrW7JtR3zcfzd5sc6RJefC4dUiznpqZQgGu59W1EgWLz
perf_test_1289,5D2EbZMT7sgKaPcGKdRmnWhEJEtu1wqNhi3oUrFdaPSAJJ75
perf_test_1290,5ErP8tqjhmV4eZdxJL48TgmosPEVNegqAWQbNXLxfLuQgcqp
perf_test_1291,5ETRUktBjSAkWir4yBzwqEpTa1SRiFuGTRRZWmNV8C2bjZZf
perf_test_1292,5Ev2w6PLpx61HKGFQhg82w9fnAf9cEXAKf1xwLjusAiCvVfY
perf_test_1293,5DLK7RTRMhu9Ngcv2fFzk4arsURwDojNbPtgZE8iznKiNPfD
perf_test_1294,5CNrxx927es4Myv2c1bVG2P7ehFF3PFGfjLUigkf5epTFe75
perf_test_1295,5FnPLPgqKuGD3DhD16s2HhTzCYXmzPNDPf2jrC2CTCXBkfcP
perf_test_1296,5DvLZV6Wn86aLrJgiNpNmtKbP3wt1isiBPDL62g1DeKxXVVT
perf_test_1297,5EHZgf85mkapyvi4RHqJrNtZGQ6sRQwg1u2z1vLAigvXJNvh
perf_test_1298,5ExnbzjZDiqragQYTtr15DasNSr8dEs2bM6iFGZQ1n9qhFST
perf_test_1299,5DeWB7C54rpvEtiV4o5hiNRfZa49XKhGYz1mYQHNByBphZfx
perf_test_1300,5HEFr14sSiF5xqPQ71Zb6uWfsWC4643WDDh93CYVRVh8PDyK
perf_test_1301,5FHBcF5D4mBkG5nSTQjFsiXCmHxhbM4JNnz6VaFa4WoynzqU
perf_test_1302,5GJjmQu6C169ZsoKPqiFwiQD3Tnqr8ksYcAj51tShJGPLpZV
perf_test_1303,5FqaUW21jAHeJ1CMaGSzi3q1FZeQZYMRMEdh7GVkHp7jrzeh
perf_test_1304,5HG1CHfz3hrL8Zmcs9AizKb2JhGTEswDNHYWASvyUBv8gLGd
perf_test_1305,5FeqaAb6N6snNp6daQBg22a7HHG7FcHsUtsTV5kj3zWmU3r7
perf_test_1306,5Cz6q84NjYWK52PCZDqg1uS8K2Vk9bftJNjBWUGXUBJz3Gv3
perf_test_1307,5H8TfrpkuEEC87CSaxk9wt3xsmKcCggz7Fdhhfa9vUN4JDw6
perf_test_1308,5DtqiorbMWwH2t7LUDRutvXsXfF2hacXSsc4V9PvQRXzu2sZ
perf_test_1309,5FFRPYV85JdYUSWG86xUevnAJULXXopomQw4as6Z3GgWz3eQ
perf_test_1310,5DLvG7jpekhSaQZDHDgYBoWYeU5ZKqT6y2PeYY76EFotqCvQ
perf_test_1311,5DL3EsdGZtMgFKhkLbnYiVz9J4pMKtRB8xhgNyWfzjubCd7o
perf_test_1312,5ESkUm9fa9nK5m1WNjawPCyBL4DWEB72J3dnCP4vQcYyRyFk
perf_test_1313,5HL5Cg939FAfYu5FQQAYCYDHVLq2ydVpeaCbNsCw3aY5XDeh
perf_test_1314,5FpRFFaoLGdJSBdk26xP5wNqJzFiBnXSynJF665J9Kzzuz4t
perf_test_1315,5FpZRAVijG3fAtUFQsEQPf7VWMeu7fJiyD92LXsuh9Nrk42c
perf_test_1316,5F46MccuoHxguhYjLQpSqFXFzFvr1VBEADcZaN6TM49fCEcF
perf_test_1317,5FGnKDjWYergug6uJAvfgXCGGYon4VavdGVbaLeoWUYBVdks
perf_test_1318,5CZbtYaKiyCjfTkiQLBhEEz9SkXnCpWV7sGuz6v7jTCPfsvS
perf_test_1319,5HmJhoK8QLHL9rV4enraTuRkJpAkmkjCvqbqR1S5f4BPaYe8
perf_test_1320,5DybhJhM1cSeiv6jt9UgCPk5LUrwejTMvkp6XyWfhchhjZMf
perf_test_1321,5En1gD8nfTyaCuoWBzAcaYDpWhncCER1m76YS824AdMM2Twu
perf_test_1322,5FqRL5HsoafW2vUEsqcjdKXirFZwhy3ia7YGeg7EDYRD2hrF
perf_test_1323,5FXuixN3pxs2dHoYUaeL1NAXCn1vtpxXPqXnWAYfe8pTa5uM
perf_test_1324,5HKsFvfsV6ibXnEqnbFzgrBCTRRCWPqz4XqQvBWtpXMqDWEN
perf_test_1325,5HGXZdtsposqHpmgTzAg3VoDRmLJcTaT9W55y6WW2Ho8YNY2
perf_test_1326,5EFpsQiPfWBjcbiCvqbw4kJGtcecXLA94qhyrqzn5YyjNPNy
perf_test_1327,5GiqaqDRkk8tZf6RZ9jSWggTnAxhfdbBupBipFHNNKrVHqNp
perf_test_1328,5G3nyDcg2gzwYhN4oZPXdAyaaZQ2AxQEW6gBKrQFmC55P1SR
perf_test_1329,5Cg8i7LEKbww5TFMstqVHdM4VLFVLeUmETRUxM4GqorWPy3n
perf_test_1330,5DzgRrqbbytEG9jRm8AKMnEYzhwX6bQM7E9jQcHGotL7L883
perf_test_1331,5CKcLqk4WJqhn4uPto2QbZSHLuNmqVExuQBR2oMfURJzSrrQ
perf_test_1332,5DqW56F64TR9V7QTMqVurxwfKQFiybktCEhxNAPmYjVrH4fu
perf_test_1333,5CSvtFNTfBvb62QPZLaAKihbX1AhXZgCQEXUukKqe6FC7VZX
perf_test_1334,5F2drTANJPoN7LERfV8oCmkwPM3ciJAwehYqRKtaKMgAVjYr
perf_test_1335,5DNEqQsEhZnxwYotWMckZtm2w6dLB9Utx5JZhQhxrtE8vdrE
perf_test_1336,5FnRG7BCFonaumVaJBKqQYnz1WzwJgF4pds4KuzH7Pz2F8Gx
perf_test_1337,5CBJxP2xBvHBXVjcS2ByZJEdYq3FDAwQuUMsQzbSrRmy8NGA
perf_test_1338,5EUhyhsrAEn6S8jMrzALmUvHuGpwFTLLAVr5yFXuznc9kDxM
perf_test_1339,5DgNMTyiZ8gcfeq4NP9dqjN2awfiBp3idsmSgwDnVZihassC
perf_test_1340,5DRdEtZSYnVrZmVU4j6ffT4SGao4CFATJ8hmx7dzWvpS2yHh
perf_test_1341,5FbPgYy7Tkhy6V1woUismERaoXBvQK3XaXXdjPBcUqQFRbYG
perf_test_1342,5GVpCXAy4JUekTaspePC7EWQcgoQz7YTURDvmNVf2uRGTxSJ
perf_test_1343,5H7JqyMaiUpdEfDTGwFYwGdec4hpNXsBu5guC71Eod8acYCL
perf_test_1344,5DvMmCuaydGhJW7cjXRvvTeY7ogKUAZyF2aGgEBKSazHFgji
perf_test_1345,5Ga274T1kaZ7F4pYFQLpA8U6raRj7zjYtpvcqCFLpBe5g4nq
perf_test_1346,5CENTWqEWHQbsgZiJU8NoaR562ndeLkAMdW6rzeeANEke97P
perf_test_1347,5C8LSDJ2TPD5SD56AbbaLUhwqLTKumdi65iFzhRZY3tPvrbu
perf_test_1348,5GKi2YHVGEUvJTA8mTw7RwkgonX1ZpCvwfnqGWLLwXUyDoZp
perf_test_1349,5GPPMLRp7aeARJKnsA9KJ1TH57R9Wh9a8C3A9KHKDDjHANq3
perf_test_1350,5HRGbvwbGr2YSQurGPCfjpQo4kR44UrLoGkvXgtsfydTUxtw
perf_test_1351,5FxidQSSxpfcNcCFi9raYbGkw6ZS3gok5F5N8Mrqd7xdKpBL
perf_test_1352,5Gj1nBG19yuyusnw6JYZ3a347WU9XdtdcU17LpCF6A5jJxDx
perf_test_1353,5GYWNVWRrFz9mQcXJraZXLVqWBTo7SpapsCubMqwzyHFUVhe
perf_test_1354,5Ep5QSgGCKRyctcYuPNrvmdAmA48VHEhQTQEWX97VZBCAVw3
perf_test_1355,5HL8k8wiGZcvM4yAKZRSzZsMp4xHokGuVugTMiwTK7saCC9M
perf_test_1356,5DJmxwujd3YJZTp2f4No83WnvCbtJoH6GmZ35X7WgzL7CJ79
perf_test_1357,5EVUryZ7mZnjJjcNkqGriVFmZ5kpAMVKcgfAhtZSwzg3mrhn
perf_test_1358,5D9MWGgrvydjft6N4Y37kJhbpBU1iSe9j2Eg4ZcUeJLXtwC5
perf_test_1359,5HmL9dXpiUdWp8nBJfPzbYewj4sFZhuCCmdtWVhYKmWfitxw
perf_test_1360,5CfMbitEmzkxJabkwekwV18cnyJoUyFx2JzLXtcsgukZtqsX
perf_test_1361,5HoNHsznEWcG4ZU1rJ6tWoVZycwbJCEUfzwbkmKo4SzuhmPj
perf_test_1362,5G2nLdXd7DvcaZBkfthB9Un3YSknFBJR9pgt9FGKSj2Ps5yh
perf_test_1363,5HSmNYnmcN8XcPoBJ1unE34CFYTAphwkRrhe7fHrHt1pbpuS
perf_test_1364,5HcLTEXeKMFx3cpqM2gU3yUJLSLqWPCTJuqQQQKweFgyeoHC
perf_test_1365,5EomkFz7ZYfpwSwaqD7EowYq1nyY4nP6CZERTiSkmsQjJPST
perf_test_1366,5DneHZ3X778VHaGcxjCK86JqPEjeu7jNSPfpARdLR7otyUCM
perf_test_1367,5DfKveQV83sSWgi2EgUJzzN2hZVAvEffZKmWX64PhvkZTWHp
perf_test_1368,5Enu59uz23YfPbWbur6v3owmH2mmRFK7H9GafGzKYATEksqK
perf_test_1369,5DBtK8J3jNNZHueNmVH5SShKojoHUKvvBttDvUEH7Pq56aKi
perf_test_1370,5EFhNPEpQgt58szD6pivDpC33hkaVE8By7eeoRHGJfrTQT7f
perf_test_1371,5HeoLijvAM5y42C11WWjdmRVW2e28TymZWQvFfx73vzVTmYa
perf_test_1372,5GZf5AAaE8p48sTH5gGMQ3oQtyZZxfdhqjbLQpNSAL34wzxD
perf_test_1373,5HpdD9o42yyDf4AjaXFzJBRnU7BT8z2e87URRHcffAk8zBtL
perf_test_1374,5GtYkd3S88PBHSezNFuELaKyziocnUckLo9D71iXJNzp62L5
perf_test_1375,5CdMYcvDnexTTP4pZk6Tqxxor9TtUd31uTnYp76bt6HugSez
perf_test_1376,5CJn6Rd3jYdEtr9NaXxqh5RmYMwVsNpZm3fhihDqVVyrkNKG
perf_test_1377,5DMQVTpZMSm6UsMeNAbdM8vXV75GjooQu5fAzDwsV1yr49i2
perf_test_1378,5C6Am8X3fKr6jjpQgKgtAqYrg1UDPSDuMqLG2JVaP2XEnoZ8
perf_test_1379,5DSHZgSCrM4fcfAMHghaoCjVRuyTvcHiz8UJjhb5b8BftMz7
perf_test_1380,5CvNAwr1gQkfgRS1ttRwNPWDZ1oG6HqnLnVcDsTXiKkjd93Q
perf_test_1381,5CTHXqf1TeK5DzajZoyVbWtFZpaxwuAqjQCyGe9nZuqhaK5m
perf_test_1382,5FndjPyYj6CApjyfTmLADuNdajnJtVvkRKSKMbsL27w1W2LH
perf_test_1383,5EY8YkrpUgdqQuykA24qiLghSwiQBSAFoYENyQktiRBjMd7C
perf_test_1384,5DsEe4jvkrh4NjqP3trW3BzuUMW5vogS88TBSfTUj8ezzrnF
perf_test_1385,5DkomEtj238porZQthvJV4KY2E6iVwwuSBAhmKe8wc6yuxJm
perf_test_1386,5EwuvhL5qJ7oyiijgBuJQV5vifPLfTrdE51TtoDVwoqPYdMd
perf_test_1387,5HfkS6wNQ49s5eGvpZLYN4LLfE5NULVWcNZpF4F3TSTtUph4
perf_test_1388,5FLh7QLWXPg5X7Yz6DNSBbuzMzgy3FTUqHw4rMcARFfSxYGd
perf_test_1389,5EEBjQ8fs9YdtzYQ44eBnMdHTmFiavDy4BiDw3q185KEELKL
perf_test_1390,5FisJGHmfZ8hSFsLni4ZAwCANGgKenEoTHzxgN7Jmibjbstf
perf_test_1391,5FU49mUkS4rpKFh5UDuYr1XhDJEfKCVEYsvWFYjsHhMRoBjD
perf_test_1392,5EfRWSpW5Mfwb4CoSPqLiXwVFQ5bNkdsaoFzofZcoovfZu4F
perf_test_1393,5ENdgi9iQb6LRdxid3dhDGoL2aQUnnr9SSLkvNWXFDKTgkW1
perf_test_1394,5GDGL41pnfSqFvV1bfVWXMLDJQa8UzP973hgPdD6HTgEDiSM
perf_test_1395,5H1FRKK9ipgMUgRGEutLkpp8pTJzfgmbRqkEmMNvW589DVLN
perf_test_1396,5E7588Vx97hyNLic8CXqsHXa1GattcYx8RDwS9DGdXCPjRT6
perf_test_1397,5DAWWGmp7rYksNj2nCfHdxLXmpSMYSA9TC4kAJrkiCtstT4w
perf_test_1398,5Cc4dAQuLXNzQkAgpLfwf2htjFidjt5HYf9qzLgM3CdsBqBR
perf_test_1399,5EhWfccYUKXCF1ZkJFBZ7T8DBZYB8zviSDwKq2VP5MfLSUAQ
perf_test_1400,5FNdZEyHLpjcikvyS9JbsWKvxfiFE2NNfExR7MZ5a1qgRmxe
perf_test_1401,5EPT422eE1We7pQs4sLJ4yJgz6PtzFXyaQ85cTJUKvUHZ7BP
perf_test_1402,5ELDYgNyWWzzhjwNMXPnT2DxhZEk5x6adzsAavtxUn6zAZLZ
perf_test_1403,5HRt4WQWZSTUVQY5XEwNxYeFULSSphWxKMCBboEXLgN1xRuq
perf_test_1404,5Fg37q8SrHRdQoU7KoNME4dZ2W1Ngias14f5Y46X3tTbx3pi
perf_test_1405,5FfVvNvDzMWej1AktGsRLLv1gap96gzYDbzjDuWxqSf6QQC6
perf_test_1406,5DrfwJXBhC45Vi1XGtey6qMAuuoxRWhonhUEmcKYdyUMsNbW
perf_test_1407,5G1AMk2jpWwXbaaJoVzstES64MukeGphchvyBK22HFcA4236
perf_test_1408,5HqdtnsbFqNSnoXH6W5se2UEbB5ZJMv5DugGKYWR9UHQgSWN
perf_test_1409,5Fwp2nDELpcguJH1GguVr4jrtRRUmUZ556vKrX8e6WtTR5Rh
perf_test_1410,5Gz1UKbGjcGnhGcFWGDmR4b4CUeaP1tMtL7L3Ha5NHSVrpAB
perf_test_1411,5DVogWdaLbadf3B9emwhjLNBNzCPAGBtxniv9gNp4oSSPv2a
perf_test_1412,5FiMBEb3qMwcCaMaYxNrf48gfkzYwmxZS5AktBEXBATwrA2B
perf_test_1413,5FojbsfrKa7aCVThnSP4yFmjDa7g6a3YE4iXoPWYgaXLWFxm
perf_test_1414,5HmpY6y3Mqe4ewTZRspDPAefCDTvZhKc5b4WVHWF2ZCRtmJS
perf_test_1415,5Dn42XcNmG1uqky6DLkDbc8ngQ6iipsduXuPTBqbixn9SVuS
perf_test_1416,5EEUkLDzGkghVbGDuMw44ucC6E3rwATasC6mdVCSXv5ryQuC
perf_test_1417,5H5BY6WrWRokVwoSXYYtWWejVjeUn7zNgBg3E5Lbw6uuENKc
perf_test_1418,5GQpazXpLwBYgrSNU2Xr32c8NKRQTiPvSUhyDL6kF4djZWro
perf_test_1419,5Frw7iXBRnhbbiWjNF3XgDaDgumNATK7UVqU9TEYTEgJ7YCa
perf_test_1420,5EFkaWhkLzx7h6VKjN3RALCocYpS8kGSBrPSEuWHMZ4Qgi9q
perf_test_1421,5DsWmeT7dTFsie3WN6nBRvbtVEuMX5memKDqfaMihBLpW8aJ
perf_test_1422,5F7gyKqCHZLewYsMMV9GcGJVtz4jSuYTxDgvWoybm3fCKC5c
perf_test_1423,5G6p1htpEZ3JzCitRd1VwJ2shFKh4JykfmBi5KUmTNbktZTZ
perf_test_1424,5DQztuaXkqeZdqwTWYfFhNnnuXEXqtC5UdFoiTKTEH9uEWbE
perf_test_1425,5Gnwu4u6rnhzjM5yoabE4WpCw7Lwn7dti5iGcZHG7Ux9PCC7
perf_test_1426,5DPsAvnFpn8SzZ4WR9eJ9xFEYVCdnNgDfPKEgARBriTh5TMT
perf_test_1427,5EQ3scNBJm7BDA8CSiMJSWcheWLUfeqCUdumJ2K3x8jf1wyh
perf_test_1428,5FcdyfhqCabpT7dkQ1uvVCKhyrxugKAD3JcvLL1zAAy1Ejr4
perf_test_1429,5HVXVPDrPnLd7j5ePArGqrg9DGri9oR9ueCEQqfGkkT3My22
perf_test_1430,5ExDygRnuSjatYjGqB9UGWq4z7nt8Buytc1PRm4mRViH3qBz
perf_test_1431,5DAziVm3rVWNfvnYTJDwwJSRCzdngPhKCVD9popLiYZncfQo
perf_test_1432,5GqNb775xD8MNgfk12sn4wsdFDxD8GkoYhQkqHSmSg6sctjz
perf_test_1433,5H737rrcTtzoLxSsTjAM5Y8b7ovL5yWVmrDh4RXi2ic2Q6rv
perf_test_1434,5G5Yn4qsT6vqdSXMcZaHKuUKQ1eYi2DSh5BAuALZAnrzRvqJ
perf_test_1435,5HeTm9f97cTnzPS8HaGStBmY2CUeXcqcnrMX2dNArD43VomG
perf_test_1436,5GhwB5haAcN4EuVMqRo1RmUkbo5YRVAjFjRuJeQPrvf9q7Zj
perf_test_1437,5CkMTAyGHoWpn3HasibWwXU4k6wZJA1wzGN89o9EhMi14Ka8
perf_test_1438,5CioBVbi8PTEV18zpexZvy72absoZZDBnp5dSmAn6Mvhx1LP
perf_test_1439,5ED6We7UXa91cAHujp2h3a7PcrpBZRJMUPDt2rhS6xpMrNyy
perf_test_1440,5ELnh6pFKAbTLu4vGrKu4rWtUf7EAp5ood2jts8n4YPXgjhg
perf_test_1441,5CBaw2T52Y9hsoH8gE2qwt9XBmeiANEwwzi1e9BhgEKEuoXc
perf_test_1442,5GqVg6RCSox2zALoFXAYQXN1niR9AxB8GZxHX84CxBoLhejE
perf_test_1443,5EaKCtFupctwG8EpdBakjboJryQe7UTfVjwV44WK6Ktf6o8W
perf_test_1444,5CcGYsCKg7QWRGJRWMwTkygAAQg4mJathJGUk4xCA4KitAHV
perf_test_1445,5GVRsGjPU52K1cZoZxujz34X1zxxbtdafD9zum3wTMUEYQtJ
perf_test_1446,5GL1hMZyAHmvbkmbFxkRuTEQE8kYuLgCvDei2DCzCeRC9ohz
perf_test_1447,5FHdsghc2EYBVRDgbhqD7P2FcDTTF1x2Fb17SMsoKoSSWf3J
perf_test_1448,5DPGZNwE4b9DTxsuGdbofU4eaSEghpkt3gZrbpEJ5qrXjyBT
perf_test_1449,5HPvaC5dTaqcmxCW3nwNszybrbwcFWsz8NSLAsTRB6kN2j6n
perf_test_1450,5FDkeq77DvnfxeotmtoiXV4sZVgtWBfhYwoM4qQUvpjVHBfK
perf_test_1451,5FEdYg3L661CkN7ZNfKSCjTzhLczvfvTAvHGLhoKN9wMhhhk
perf_test_1452,5GR5QRz61qnVbMQBynpVHuCU8uVBWJDugpUzaBgvfhGm4M5X
perf_test_1453,5ELnzcDYB7vG7jivs2tpGa8W6Bcf3PhHGXNJekTnzWDDkXVX
perf_test_1454,5EjdgxLXz6geeQuqFvmW95UWKf5q5sB185vcTZXGaQiFd1nc
perf_test_1455,5EQBy6JYheqMbbYAq2yp5PyVDey7WWC15jP7Jkxy4dx43j46
perf_test_1456,5F7pqY3VP13BnHfp22Be1Q3TWRmbSqErJHW84LD9jcMdTLYk
perf_test_1457,5G9eo3aVvX9wAJRs7RV5dYKFpJVLzjkZWg6AfCBRPdhUgAVJ
perf_test_1458,5E9aa1aPNc4idz1BtAKFRMHMoSyJHd4TLjiug9ntHH2ir4cV
perf_test_1459,5HDWd7xr4WAhk4CDuyULmmqs9ugTvcbXVJDcmkJoJSHy4Wzr
perf_test_1460,5HCv2v3qwktu9wEJzu1C49JyXTVkGJ3fVnLFGpG13CypTAUR
perf_test_1461,5DuVZRbrrHEuh8nBFEytgnrmFyqvf2RJZLMLRSKULwAQRL3f
perf_test_1462,5F3Vic7TtXzn2nz64bVvoa6Nk3rtJX13ugQ4sApXFiup9aiH
perf_test_1463,5GstPXST9VtLngp9M3RXUf5X98sQjP5VdKU9ExuTd2i1Yibw
perf_test_1464,5G1LocTstsja8i3fihWUEFNvQJNFMXxhenNUbmWFFk9PRp9t
perf_test_1465,5EsA8P3BKc4WfLCxJ96Xb9yEfSrgx6MokVy3Ami8xbmqECiL
perf_test_1466,5CB73DCWdBb35c3tnuZic5TNmk11M1qTi1XaoSkgvhd9u26c
perf_test_1467,5CsoVbbkKoWGU2AkezD3TxdXaEmYDcjCjcbd6ZnLUmdtPbMw
perf_test_1468,5DAexRQEmvN5mC7gntUXZXjbR4HEDck2C5HJ38R1gwU1W5GT
perf_test_1469,5GbGUjgKoarcqwJebUKjZkNitjZoL1qXKAr4nLLf6fC8rLrU
perf_test_1470,5GwmkSCWPM1hPmzQXdxrk5qwCvRvh7bPoGd5GMgo8jedyqC2
perf_test_1471,5Gmmq9HBf17bpszZHRnJ3q4hUc3Fwq9UkDkWseJPs1oM9jbA
perf_test_1472,5GGctKcmsEDfpSgLMEGgnDs9bz3bj9vUfrWew9vDgA4kJxve
perf_test_1473,5F2gxeR2iCg1gFj3cvCiPz9RVUjRukfu1EDoj7dSTBDsefUT
perf_test_1474,5EabKLLCkLFFyAyEMEngjaY5ZMdyStoPxpULyVjjDuZW6bNy
perf_test_1475,5DFbN1xHKwWAa3Myb27ZmHVn3GXjGy1n4BYLNvrfPRmBdANX
perf_test_1476,5DGxvuXesKwsXUVgqk7ep64akFnkLfiHqQYxv4FD9wjKTqri
perf_test_1477,5H4wep37bmUththfuguLhoYSASbXPAMNUkCvGUcKRJk9pivs
perf_test_1478,5Ek5BwnECY3ANPBY2rhnRk6u68j65W6wJn1hj7bBjce1tnCw
perf_test_1479,5G8Cb3Spnd7SunfpSZZpwSdGH1K4bAXxEm8gixCZ25Rq1e6m
perf_test_1480,5DD4mhCMztmDR3Lm9RAsu93szAEJJ1nGNcomYict76WzrjsD
perf_test_1481,5GpY8GUsmvJVDGXyR3SF2CUuJ2gAjY8nPWNP36Y4bTzasGdp
perf_test_1482,5DBMgnqiz9MQ5TQtPHpukieZZiRKVDYHPGBASeKwQDPoZmUm
perf_test_1483,5EHUMZWGx2nhGLf5j2SVaTGu4TkYHJ48PJGeR9Bvx1qY7a6C
perf_test_1484,5GWoaaTn88UdqUAmq6u5uQ6575g6fu7LmScVTjLYV3KCcSTy
perf_test_1485,5GhtCsw5YNuG5ezPch8sfzUTzphZoxpyJzbnZWG8fEttfG8j
perf_test_1486,5CtixNTPUHxyAQAqFw79xsr1CQa9n3rPQySfNB1dk2vAC37F
perf_test_1487,5CeRntbExzrcENuYK36CqjuzFNPwS2ymDzcURk62UFNvZhTC
perf_test_1488,5C7dKkBvA9jEraWGgCwFoABBoU6Ej317uXPvKaTr8bbNccNM
perf_test_1489,5HLDn7W5hocfX6qLQLZqi2KmrCv5BZtRR6W8UT3JA5Wx3mzh
perf_test_1490,5DtzJyyFm3pcQiDGFepCJ2awmMowdS8BQeYyzZwP9rGmET1B
perf_test_1491,5G631XvYfYmrJtBYAb2ExAMXGReFXyynSk9Ja63XGe8e241B
perf_test_1492,5GjuWz6qtzhpYeGPBR45fTzupTrwJ8SY8M45UYzwaiM9mskz
perf_test_1493,5Cn9ravmUf9hf3XPMWPhN7xu9EK3BfjFYumZwoDicwhz3NcM
perf_test_1494,5Gj7AVLwxAHLvmtPiSipkNPBhdesg8mnkao9J1P8ohXj8hiH
perf_test_1495,5DB8KfKTzkfsVNcc4UddR3cjyQe1rBb2UByntwsYoNZHcUob
perf_test_1496,5GzhRK5dAi4X4hPwdTKwBZQQvBhBnRqxoTQJcbc3CNneMtiT
perf_test_1497,5HaUn5jSCQ1VWcCrekoPcDxTMh7JA4TobnBmctMrUVWh4j8h
perf_test_1498,5E7ABxXbV3QdjYC67txP2zQxVowXAtQEU1SddwzZT3BcQG7v
perf_test_1499,5Dq7uGL9wM8HhtiNeZvgSaaSe2eYfwkAuFCq3Kcm7Abyp4QC
perf_test_1500,5FTY8pjproUMErjcyeBFDN2ZU9UhFwgxSJABt76VNjpQeL91
perf_test_1501,5EkgUF4cysS5Ac8j7RxYrMhHob2iS2CfmE5sZCoF7Q7qh95m
perf_test_1502,5Eut2QvvVH6yD196pQLCt9RguyABbZ2uLCaJYw1CjY84cWWq
perf_test_1503,5HKafwgunWSaQR7dBYK5VQ42Bt32HdRDeiY2NniznjdNDPaF
perf_test_1504,5HD595NTfEG6oHnPM4jEJNrN69KomskmXsVTbDHREYqh3DUQ
perf_test_1505,5GBqDbHRbL3LCtTi9fHZEXzvyubF4eETHRgzfcLM3BZdPJBC
perf_test_1506,5EzMhMaWHhsSogdiPhDiEAar72Wb2Km4D3yLj1MSasMrKLw6
perf_test_1507,5HmZWebxuVjMhVP3yJFbGsUUienPQ3UK6tVSHHzsrS83R7o7
perf_test_1508,5Fu2uGSBupSjGkde8yf3tsdjRZA1v1RGx2U537XiUDEFRPP9
perf_test_1509,5Go7KwhQbvVXr74S5tyd4DptQtPbpPVLnevE4VAe8GqkDUFu
perf_test_1510,5CXo5QnjcJHgUNf8Mny8geKBTvwzTZxKacWTPoixDDsHjQNi
perf_test_1511,5FzjD5EirjXsQCszkD8v7c2rQxhLLDJcTKAgfAusB3mwQdHp
perf_test_1512,5EmukyvvEh41yUH4LbvbLu8deC6LeGzQTEcPik3MvkiJzzsw
perf_test_1513,5FPmhaJbuNbHS2KLuguTBFmwebzQYcjfYWpMWoYfMpGsAUUM
perf_test_1514,5H9jdqLTrmfhnBPespknpJ5swRUMrXbzj8fgCFDRUDHhtxtG
perf_test_1515,5EHK5U7rq91yXnYu2CptmQnyYNnCLjr6AP8U1KtFNgdbzDW6
perf_test_1516,5GrP6gocUnbCD3CRtwy8ZiDZw4DcNJzoDvTsYuqy2e5LE1ZA
perf_test_1517,5H8uPhuuEiQTMHVdJ7Sv67XERAftDSLAZma2o2jZoT8Fm5pB
perf_test_1518,5Hahxmc8HRJTWzK3ikWpUj4qscwovBFRRr1q3vUSo2i1H7F8
perf_test_1519,5HPznwjPhMuwZRhatWaMvBjZ62CA2APbEgxBdhVLxUjnpZ47
perf_test_1520,5DKJDVL14hyby3YSniXLSyB73CRZhxBKdG5yaA38BJhDdkBX
perf_test_1521,5Dd25ZKmFrBiVsRxow9x7Qn6g6kKK5b5oN6DPjwseTqbt9Ew
perf_test_1522,5GTjB3DCkct7CvcMpvyBModJ6yTsoWXHHZqKNV1LdS4TmcBN
perf_test_1523,5D3W52Czj9pKKkR7iv9pPHSvc6pNXQDfT3bLBrpQS23Ld6M2
perf_test_1524,5F2ffDCiL8bqi4M3f1K2Y8nJyh3D84SkLaHvUzMpwBwz7JZJ
perf_test_1525,5CUumnAEiKCcjbwFQUhmDSq65dHUgeVDtNWtVphTJyqhn2xH
perf_test_1526,5HTyorq8tYSCb4Uczx2smGaYdebYW2eSTtVfcgeqvPHGu8LN
perf_test_1527,5CNP7KfdmLm3yBpu6t7ZMYuC1C74dmNhwZ5Zw9M21LeoHpKn
perf_test_1528,5FebKCns3ns2DYvXCCgVmH2L6fDij5TfxfaMvHSzp99qcg6A
perf_test_1529,5CMohKjjmAsupbzeCZy7NMJe9bghxcgm72ZzS4ysPFyhWSoi
perf_test_1530,5DnaiCroKf5SGQo7fMop4NT294F1Tp8o4t3bPu6yh9iSVfGp
perf_test_1531,5D9utXFBRUt9xAgkJoSQM4n4BWRfY9VDjrMqxmaee78DsJ3C
perf_test_1532,5CoVH7df2sfLasKaJVY1szUauHQN8BAGNZHAhA3ArPNmHC8Q
perf_test_1533,5FHcAv37gdxR5EcRxC8NcPNQ6JmxeDYZ7yKh1jatoBJXk84C
perf_test_1534,5ETotYA9BzTM36tiuAYJxoEUUdGKLQzL9dwgtUeXgYTTQREZ
perf_test_1535,5EDa18fjqWRaFB4JgFSBQtzJ5NsMmwg66Ut4VGV5VnDkzKEZ
perf_test_1536,5GKJshjRLRbGcTr79HRf8VrtGVD7zzTrtDLGGRR4MCayMeuj
perf_test_1537,5D4QeXFvgHjGSaHLS9adUTB8RHhLDe62vRttiJJGiquapNR4
perf_test_1538,5Dp7AgWCU3MmyJ6uw1jsSYAtpTKGszGqQ3UxxrcpAMjYkP8U
perf_test_1539,5HS6ULz7DVSAPzAMANJbWd7odVftXkUqjKreK7PMAiAqWoWc
perf_test_1540,5CXdgy4KK7h6vSZQF5MMgfXSeNpzRU3XKEPSt5kMWooCRgNe
perf_test_1541,5CLzNEzZ84xCNDFccWCF2yGctGGJsGJR2Hk1nQuLis81Payk
perf_test_1542,5C539X1TfLCvofN5fbYpkayjQW2BtuHjH1cYyTcDzBfaUNZo
perf_test_1543,5DNA8mafbX9zKF2W8V35Vg96vZKwbXZpQriwqopC9dJxTmuU
perf_test_1544,5CLzKWmDYwQk8tA9MBjQY9pfGRYzSooRYHW1h9Rw48Gx27ZZ
perf_test_1545,5HWPbjcwaBEsRCJ14ei4FTw3p92mgfc8MDNiqYiXccwj1gNX
perf_test_1546,5FwodBMpdtqF1MJ6F76oJzYjpDZPTqrCAiP6tiTiPnFr1iRR
perf_test_1547,5EUb9n9Jc8XoiRwks8gqJ8GPjSXLRwZw59t2kh7SDknmchKT
perf_test_1548,5DyUbVELrpsBMWeVXDp2ccmodEWjK1P9XMRqySLJyBjGDeyb
perf_test_1549,5DuVZPTeAtfk9QBBJf9EUtnpFALdUqp4AkXCGYhoxUhhCX4n
perf_test_1550,5EXYYv6PiEYdkyb8wHbKaWuwxif2x9kfv9FvMnMfBh4pxoqa
perf_test_1551,5Ex9RbpUh85iCx7ts2J6dXbTzmj26uS8V5LC2cAn9NNmq61m
perf_test_1552,5HRcvJnwJxfy7boYTeZagPzqAxoPcQ2hjFfXAtkAdV9WF5bL
perf_test_1553,5Da5SP7XN3MrWz8btBqdHyFg6bF9FUCNXUZSpdLdzPtZTbKp
perf_test_1554,5FtTuQXWkSqeQ5JsP19fyrm7gZ5CbBCuPrcnepe3YFaA3rs9
perf_test_1555,5EbtVvNzNZ2bvF6CtqQqsrMQMNiaefepeSCDcs1Cx38PUB8N
perf_test_1556,5EnhXXh2H4Un7vPH4Z3naBf6WRHYAnvvrjkSvf1VWiJWhyga
perf_test_1557,5E7Re9gvHoaDUsuaKTUHBTE2LJy9BSddo6vYbNdazxAhyweE
perf_test_1558,5CR4dpYBz95TvmWwRVXA7cT6A8PWBkssv5bMbFiDpXGdQkcK
perf_test_1559,5CpN9PQjpSggi129FpA1c68PYGSfHiKhARjsQ5nZiN1cwTDM
perf_test_1560,5DWsbByaNv2Vu5eyfAkUogGWgTVX1iKuze55kZE2ZxaKg2cH
perf_test_1561,5EuSWTccibV6BcJWJJRk3DbU3C1k5CFURzdJJdeNZTvWnGBr
perf_test_1562,5Fc6JGcRKivdCMWQzUAYCZpwpPytFiDucmfCa3ASE3gyEK5q
perf_test_1563,5FEtNGaX53yB6Mi2V6EW3cMotohKeQzGfUae5vVRQSJUgX4i
perf_test_1564,5DSNUeZHASCpK1XidU6Xf25TRiBxtt97EWkGWScPJJFXWXVe
perf_test_1565,5G78P2MyrqEhFr8UoHyVHpFfH5RAjRPHb9Svo65sQ1XRQrqq
perf_test_1566,5FwSWbJG41fWXCG7MneptpAV51Wd1HT6VrVkkiv6RoLf9NWH
perf_test_1567,5FjXJHyPw3zYjt4eA6etEWCAhRbwcRQ6zqpUkVs4GHjLumG2
perf_test_1568,5CMAbdgrWmFTjdvt3nFahfSdprYrLiFdTjp1XXMJtzhMQUwi
perf_test_1569,5HWihjQdiqAw2u6ktyfxCgGjuf48c7Gqhv9sRbcJu6E3GphG
perf_test_1570,5CUAujfybgVjtozaeskYazz1itTZXeyttzhF25tD2En5yqgQ
perf_test_1571,5GCpzXBr72FbQrMuhqcbUExNdFNR8BLRbut8ASbtQaY97DrX
perf_test_1572,5DW5f1WtoZ8nEyGi4f65qUx3jx2MnsoJYJ6DeZio5qan2XeP
perf_test_1573,5DBuKDV4KcFNvma4CgE9rKDx2367d4aXMvcsyNy2rmXkzkf4
perf_test_1574,5ETfuqC9pWwDhDtpfZWgmSttNTck7QNgJwzWhbJkpkSzs3hG
perf_test_1575,5HjEELMiPnVJQU1dyBLNztvGaK1MLr6yKp4SCV4NsG5XRZ8y
perf_test_1576,5HVNb2jnVDxVi1wvdwLmXde2SVGKN14N65Q5QSYSaF2t1tKE
perf_test_1577,5HnmJS7ziewx9iZpKMzPLK7sCtkuEwKY6KgZKjq7S7VPVSov
perf_test_1578,5Ds8C29qyC5XsPYGr6WotWRS1BDBcgeZgMhBtFySSgbeeejf
perf_test_1579,5CCSs1oMZcKhLRSTuCUEi2q3pQQB6RcQwzLBLsJ8zWK2mAZP
perf_test_1580,5E28H1V6P2SBKM3uiQ4WNTHpTbeVLjAAn1ozbxbWQDZ23vzh
perf_test_1581,5DnfspHERu15s2adodq9gmnXj8mHuWeZLeZZmwt7mFxsVAX8
perf_test_1582,5F1bXguo7ezsKER3jR1iXobjhrk9G8w3Jm1rF5TqnbhVk48Y
perf_test_1583,5CakqG3vCpQfqZGn6BPL7m12jV7ib1PdivTtVoT3ugYtW2v7
perf_test_1584,5ETU7ChsC2Uoj9EJTcoRVswhdj5oU8CwPAzEPGTKcBQGRWJ5
perf_test_1585,5Eg4FN3xfJMUpfrH1a13cNDohmNhoGk5rSx7aao5EfqF1tht
perf_test_1586,5D8aJJyxPKx6fRMXKQDgUCTLyFYKf8mqi3GwyXYe5MYKzEPB
perf_test_1587,5EqhDAHAst6ZwfnRKtEcwqoYmsTrwMHX8o8VwUKCrFU8gi21
perf_test_1588,5EaZz14iBnVERuvgL4KHky2uQw9hiSHaRjiGtDLKJg6K8jmC
perf_test_1589,5EjebKfSxQ4Vam6oLXQqVjcNEZ1enXDHiXBAf3mhWb9VGfgT
perf_test_1590,5DnXKf3u3fQWBLtLCF1w1FZuup1aYH85kdNUhkBvDVKhZiCX
perf_test_1591,5GbjKMpQxdj3Sr1dxrZhvqZNEB76yxTigTZFwct4YqkUf839
perf_test_1592,5FFphzjnZbQirWVSgnuiVmdJy99h3CZ3cTgmgSwMwmjGpsps
perf_test_1593,5C7dZWTVNojMwkxY5PcJJC8syGJDrCpyg2nkhGEo86KLkS1V
perf_test_1594,5GaR1XMpACrKKGwan8AFBWUMc6BGx9xyUCRymYMJezhY7Btm
perf_test_1595,5DgJTLfJ8Y1nhcWEWDmKxiSHwNLFQH5DmyWKsPEU1XRdmNz3
perf_test_1596,5HSkvNx7oMnhXcGM2ymF3FRShmUhrrnwss9x2ZKxygRBCAET
perf_test_1597,5HpRVG4sEwr93n8MFMyPZwNjb7oh75yvELtnF12PZU6RVjFV
perf_test_1598,5Emb4GK8rbwut1SikUxbHvyjFm5mayYBLsy9gsJVDRaccJ6f
perf_test_1599,5HNoNcZngDbLSUbGaALHnF9ZsvgxbCthVpW37WtDKEmrmczj
perf_test_1600,5EmHFNuhjF9ZJPshQb8qnj3o7sPseoSgG4K9zwvmfmhyjj2v
perf_test_1601,5Di5sPs9oj41e8fYdiSEEWsZZ4q8H8ALNVJAj2EvwJrgindc
perf_test_1602,5D3PMx7T7pa6xrerh9ADKqguRrCGyLAMQPhAExRLmNLCSEje
perf_test_1603,5FCLzrfgHjpX5r91Dgq6JSny5JXgtHhsHLGDRJGWu52ZUMzf
perf_test_1604,5EyhB9UrCbYs8DJgYHCzPJ3T4QLeZQxVzZdBoyA9RJfuYMg8
perf_test_1605,5CgEip1PFwXsLFufKkFtV73uQ259ZC4i1cepHw9L7kSwxQmd
perf_test_1606,5FXjhWBk2mTTjp3i18AspFveuZcALoD5f2XMY59d97vcJPGE
perf_test_1607,5CxQ7Wb6ujBKPsxxFPQVLqRzJmxGwmdD3wcVshkHyDaaDcDk
perf_test_1608,5GNUWiS1tfyarUQshWqGN4zuKBfHFvkqawr5H1u7C4P6xBMP
perf_test_1609,5GVbSCVSLRzaWVZ7cBNZNmhcddWTFGobbkX1fLzgsh1TkPRo
perf_test_1610,5FuMyvGWkrSjyjfssmb9RJTSoGsYthD1tzmLoNpt4DW6r92M
perf_test_1611,5DfYSoD3L76nMh9swGFkLGrNfdRi7AxvJaCK1eDTCXzweBiN
perf_test_1612,5FbU6ypWjSp11X6VAcbYKWCii32UYDCwwjC6pVDmNNBECcWk
perf_test_1613,5FSEqyueu2w7eb8KwNnA1RZcTi3Cut6p4whRSvtc5ZXMaxGq
perf_test_1614,5GVDxTsYfKxr2CD9PGcvBqjqhza5cFeVFHk98BzqGQS8sKQQ
perf_test_1615,5DhULkRQqa8EP2y2V4hKfD1YCp9AR99kym72ZU8sobnxr828
perf_test_1616,5DzZCKsoB9KrujNb9defGENpQyQLUBMBqiRRftCXzhb2pfxm
perf_test_1617,5CGpxNFf6qGJMX54YKGKnoSwYCp7QET7DP8iyoUQ46n34946
perf_test_1618,5F3bB28R2txzxo5BeRxPcNTJJmu6fG8UbtauHQwxzQeP6aNe
perf_test_1619,5GgKEVJn6hiJmdaKZBujfsUKj3ZQBysR2CzC6oDsomBtkH8z
perf_test_1620,5DEJ6cjK9CtxHZ36CGYybmxxGP1i5rLSXxPDNu3t9VKD17CC
perf_test_1621,5FFCb19s7YKbHzddQSyNejNU68NrVF8ZfHgu9nc9fzXwvYns
perf_test_1622,5CKYDMVdVH5HAC8rQBQFPcDsfP4LisooKMY2uvXwXQEGABkg
perf_test_1623,5C8gNfrT3uFABbs8tMvuFPPfWE19FdL6VjLMw7VTE1vFruLK
perf_test_1624,5EHQLbWgz6cEY8KySgQ1Hm7cqeWa7kzPbnLQ4ZC1vuEWgKQv
perf_test_1625,5H2ZgagnUYtWh6bzgQRAxiA3SvitcHXQXywjdjpixkAi2WSX
perf_test_1626,5G3rjYgv4qpP99HLVrJuV2ptjJEpu2LkKhQswDLaMDixmzGo
perf_test_1627,5FXJp2Y4rQazYg9tSbSEqNzukX4tkqGZMe65f8t8Ys9RMA6T
perf_test_1628,5GaeJsSyKbLVdSpfentVyJMaJUfFad5k1Ah3H9Q4U5kpS3NX
perf_test_1629,5EJgYDZUiG2njEKybtZqh8EHocQxxfEASdsNXoGXHuEfyiSD
perf_test_1630,5EZqdLbNpjEoagKVEB6BYLMwCiDDFBxFG72kAXf1x5rQrHsn
perf_test_1631,5G4QBLdqTWDvY4qgRPR2nReKgSPuPEUrpuXQaNTzwBZZGfWE
perf_test_1632,5EApBWwECLRjYn1DwcNbPs5MbXDpxmdidEcYu5dGYhAVDsnd
perf_test_1633,5CUobafF5vCU8xvpeq6bAMwG4pa9gGAXyrkn3bnGEP7Un9HG
perf_test_1634,5GhE37EeuH3DM427Y3G2NM3Z9B4LRHCJ6myNk6jNBCXhFCzN
perf_test_1635,5FooMk7TdYchawrbg6qWY28zNria5SezSeqX4Fuhbg6jNG1M
perf_test_1636,5GQND4WLu3xCsBp3SkbwKErHaNGkoZQesH7Nbbt7VVgsbwnw
perf_test_1637,5GZyi898KiGKdYhq8mZz6PJFZNpzEvDmkZVBZnLYkeHMigpW
perf_test_1638,5CL7kXR7BJuFse4y7KbAEmGEvCv8B7G9uUkaz1y4G498N8LX
perf_test_1639,5G6bjM4gNs8znZmoRoWzSCTvaVFtPc17JkxKfZbwH7eLyisU
perf_test_1640,5H9sCBfA1vh11YymRLAij6xcmvuKBmoM52Kj8d56NVN5dKXW
perf_test_1641,5DftijKeaq97DSwh4Drsmh3PWTMqqNLZMZYbkHAhFtYsKYb1
perf_test_1642,5EUVLHdQV7izq8Z8wEdFPLgG29YDoE2mniYWvHqZMvAAnEMM
perf_test_1643,5FH5nbqL4QQLzn3ZyVRuh8cZVA4ztrsT3MesMgppvbBkUYSS
perf_test_1644,5FBoBu2imvSz931Co5bnEWnPAkmdf85LA9Qye6LVjxACUV5X
perf_test_1645,5E8kc2VqFMNZtV6jasx2aFqTA5MYAJYfRiAzJsxYUFEEfiLP
perf_test_1646,5Fa93S4Qs4BskfHPxU3Ms56AYUeyq7JKALPc3K7L3K2WU1Fi
perf_test_1647,5FNGMgdWsnTjhT5PsNp64aucGkAwxaaTQfqdEkafYUxARc45
perf_test_1648,5Cy3RNowoXWUVb1PY9PHtwhBRV3AgPbBWRnDxzPsPDCcxgGx
perf_test_1649,5H5DYyr3xfPPKiCKgGEr9R1MheHkQvH2ZVW5dzbjo1yTQRrz
perf_test_1650,5FBEgamdV7m3VA7gF9omaFTiakLS2e9GRYeFfvJD9Sz5i5kY
perf_test_1651,5GXCzaL8XpuLz3s88zGNJ5QmJuBkX5QX8pcKQMNeVvrFhosu
perf_test_1652,5FK1QFjMa3nGraRUQfoEB7xixZu3w4Lch1qYeuHFaVgMv7a5
perf_test_1653,5FJoLUFxxgt92xgzmtgfXTSiUvxmYiWxczc2yKu9hwK3XDtG
perf_test_1654,5GMV9f8BmYNoa1r56fzsHDcZkbo3qeoo4AZtHctXuURM6QxV
perf_test_1655,5Hic6CWdWUHbk8JyTyv56gfSeZTKy81BG35XwaMiuv26j1Qh
perf_test_1656,5GBEW255anrpbi1ZcH6C3hFegkd4nkR98yGsUAmYTxNaw4GM
perf_test_1657,5DQNN9DN8m5M1rp5s3B7pDixFXuY2BXndn4nGuDho5voTJ33
perf_test_1658,5DsyzF1sVtJbED2g9hGiBnnb2yneSTVKK6Le6PkWkAG8mwPa
perf_test_1659,5FhgGFSgsZ33tcUqrmMN8bdu7ioA8jFK6afmvTguVLRQSpFJ
perf_test_1660,5G3NzWkqogTVsqnKMBAjLDApEM6e16qPyfTGHG7EZgGrDZo7
perf_test_1661,5HQqYdbqGV9qYPiHxMRYdJ3s1UuYhwtrv7kZ1kKnjWhDGRQD
perf_test_1662,5CKviW3gTVincaRmpokSgQ1upyXckD5CkShJgLUD1XwPjs9D
perf_test_1663,5HSR4hh6JJGahuEvyn3cG3U76uiEgn9XUV5ZGGdCcizkHfky
perf_test_1664,5CmYEnbKYUo33MDDeo5kAx3vkU74uY3dMVUuaSEAwEEfi8BB
perf_test_1665,5EQpqswC29RFn7iMvCfZ4EBGXoM4j2Ern2rWthbJVhy7z8oR
perf_test_1666,5FrwqULFeiXjV6nkWupNEdC518H9ikPGgQQdPxgvUM2rNt2A
perf_test_1667,5FWYd9XpZzoNgmcesoDfbQC3Vfi5NnDzpsZjmwJ5WcJjU559
perf_test_1668,5Epag9umCogeMaWwpbrHsQrsvjTtpfRZcc9Azuasia1E9rWr
perf_test_1669,5CkANUCycrrQ6aa3CMBnbPDfXJCvFTJwMfhkuTZnPEk3nWRd
perf_test_1670,5CENSvg5cLZisMmcmE6HUv4CW44jfdm8gNfAUqSHHhAqdkzz
perf_test_1671,5H8defzqq4qyRybWN7tjrmU2LwkeGqSoLsiVQRiJNcB5ntFL
perf_test_1672,5EQQPA17YGDkpmSm4jJdUJUtt2JZps1XWY2yp84cTXWx5Gfe
perf_test_1673,5EEkU14SAngLGQqU11DMoEz8Ff4BgXuG7MKx8ZKzRERbDi3z
perf_test_1674,5DapuBfWpgnmjieQnTXp43SWmW5xBow7wh8qrDkZZN5WJDon
perf_test_1675,5FkXcUjrXW1XqYm5tx29t6LyMuK3JN7E5MMbJAmU8YDVeU6M
perf_test_1676,5DETTAEA2auhZ59XzNN5E7t6c3YtR9xxkB1sDbH4ArBapSGH
perf_test_1677,5C77LgJUVAbp5YDXo3GDDjnaZ7aCtdxbcB7F4ZykRcTwMM36
perf_test_1678,5HoAsa7aUD9PALadKen3kLHB4RMUNpcrUSABoU24L4xTwwDV
perf_test_1679,5ErNGPkUaTRJTS8H6ocTZyfiasJaoeDwXmzMCqC4tRzZHgPQ
perf_test_1680,5DhtywW2FLwFe5a2PwUAtUdPggwtHB5fiPmHo9fPqY6qu8M1
perf_test_1681,5HMw9iH1sYeJoBbyUZJwXc3bHbmgY3DqegYW3KzEqwifERXR
perf_test_1682,5DkWeJCfbBkMrTsrQ1hBPRXiWzA53dqNCWB6vvTygVLHnzuv
perf_test_1683,5GJNtDh8TxvtPmWweuFEvw7Vp6KGynpFKWWSuKgf2gHCqLc2
perf_test_1684,5EsNrqDjmiL6msA2bMnoyTxi7ER7MrCFso6eSTG2NwXzn52y
perf_test_1685,5DuMUshLmCAzuJAiRPdzY39QxwPJ5d7TsFdQYaGz2VkGCxVi
perf_test_1686,5FTmgwhkWCiDFFZhzPeF6BMsLsumsC7YG89L4izgwmVoxCF9
perf_test_1687,5F2jA9a8ifY2mpzy2g2qDQpMwZapdZPYWLukDQAQHCKmKMoY
perf_test_1688,5Gt6sVpqytfizGgXhkpwr7Qqr6uFKN4KNtB39tcZnog2cwa3
perf_test_1689,5ESe91EP4aTHVm6RxvvNV4pxGXrH1a6tKec1wzrspT7uHjRC
perf_test_1690,5HEydBub8oc9bLWh7XqPWmFk12xoqjQiEAmEWTMXTonA58BW
perf_test_1691,5Gdgpmx6Vq32QEsHNn92UVeSRb59FmS8sqJJxfkiXFK66Wn3
perf_test_1692,5CxHkkTKPf7M9BYzrePtFraZvo4NWriFeLaJBZ7YemCx1S4H
perf_test_1693,5HLQkeKWiUtfiaFBvovUPZRcYNsuEsw8epgFhB25BDxoKj2M
perf_test_1694,5FB85YrrNedfzNTQoE9ifxJEXye3Dqn5cXZa1Ak1jA2G4gGB
perf_test_1695,5Cvrj3GmRsq67y8Ccfbsbv8SfBgZHv6NJzcKqCX39yydcFzc
perf_test_1696,5HE84u6eWoUFEcb4jWyL5H4VQ933KbwhXHPKahcd2LCoJMEP
perf_test_1697,5EosKi4BM6ZDssTWzpqNPSPCKSgWaWNHnWon4EFBHkJfPRAq
perf_test_1698,5DRDwVg2LxqZBawGyPW82VpeukWD4Mxx3qqJ4M3G1vozem1S
perf_test_1699,5CQ1SurfW8McHJbhfTh4sQGBkxhSNe3Ht3bEJAqLAaPhLXP1
perf_test_1700,5HD2aCQEZLVognDNJQ1Ww6j31maJviZAt6NrAi5ypaJVUT4o
perf_test_1701,5FnguA1emDsZyUKx7G1zyRrcERnF8MC2MbC9yYN3q7b1vZb2
perf_test_1702,5GfgjDDSVREfFVMXABUoEX15Y6EaC1XcyHfPUJSVZThNHv6j
perf_test_1703,5GwmdPJmVfLzZKXstxozudZdwbLVyp3zCezwiwPCWUWDdTxd
perf_test_1704,5FjQDWi6pLSfFj84CQhrwWUo1sB6YXQ8nsqjsHvXjdKvAwQu
perf_test_1705,5G4P2W4t3wXn37Z3NgCZXp1887vG6K42MuDXndoJPzR3gLNQ
perf_test_1706,5FMHcFebdtvCBMGbLV3ueQ7y6QGqqmZaDJ4NXm1it5KQCZzu
perf_test_1707,5GwFFC9gW7b4EjRsELDmn9h2ZA3S1uRkrHB9zFpkn3YnbuwY
perf_test_1708,5CicYsss7LAWxW2QMBtdtgQVYPZanZPMVvn6rZHL7p9Yta3d
perf_test_1709,5GC3DnNqs1Dy2UAQ2DDXVgmeUgzkKzRr3YwexEe9iJNz3tyf
perf_test_1710,5ENjtiCZzhndMK1syjd3CiYJNYXEVnFepGrYyEMkgy6pbr6g
perf_test_1711,5CjaewL3xqiPrLDgZ62JrPgrpQf5HBD3mkzcPKfTFe96NsXJ
perf_test_1712,5EC3FZ3NKKNqfmc5yYXNW6zRJ3p7x7HS79ND6zL2TEuEuo1p
perf_test_1713,5FujbDsuLN1JZRP9zja3aZHZZsNFmnPGEGJkjx1knEdtiPEr
perf_test_1714,5GrDDJpdTfwfZqfxvfcTimWWyhAWvJLiFZEdW8bngdQWPxen
perf_test_1715,5HWkJ5wKovDN9oDxAy5QyaVxti8WLWWXnjMT9cuff667Gguq
perf_test_1716,5HZJTgnS76wxS6mrmM2nd3yXPXmiU3CHNLGaJgG28DfDdJFD
perf_test_1717,5CbJCYbSuRW7ZtG8QpPzwChWM9KHK8NW8FjRe2j8iAY4itf5
perf_test_1718,5H1yPxYWuYckHiw8KHTx3wNLXSU5PaZSKhuMUTYkAoqSn9pA
perf_test_1719,5Fdt3CvKbVmfbJ3gseJhVEen1fC6RK5s7RL4YNSiQc7VLJm6
perf_test_1720,5EQ4T2mgj64x3GSJCSrQPpqM5gx8fiVaDxVvzEik3t8XvaJ8
perf_test_1721,5Da6Ra5qYS4h8E6pMRjoGtxaTQMKPJiwdzRdiWMpm2Ywqmnb
perf_test_1722,5Ej65Yf8A8S5SRGhfrLY8K4wGPx6nK3Nt53uQVZbMCNQTZYY
perf_test_1723,5CCyU5tjE1gGNrYYaaFPJn58vFNjCTQDdPZxMjTqG3XgnwMz
perf_test_1724,5DyJ5un8gWKKDBjPYyZedJ8dFGZqm1V3t548BEpPC217otRV
perf_test_1725,5HEmy2MeVahQUZQQhNmnVyUEr9Wc3SfBcWuxp6ZrbymeuTMg
perf_test_1726,5Es3tX7cQUVG2dGq6R5deDUoPh2LqpimrXBCkcLNtxPqH6sb
perf_test_1727,5FS6MHYHez7Cswh6qhxbG24qxQymZMeqiQCMYqFEMziCooYz
perf_test_1728,5EM1FzPhJPn7B15kJQpiLzk4HbTnni29RwUSMj6ZDbK8JAPg
perf_test_1729,5GMKQCwVjeRx5DrMsYBmCEPGikKHd7XXzjrpa4LkfDpiy9ma
perf_test_1730,5C7LHvMdkMD1UxvoxqdqhWDaZi5BsDcXSsLbuGMQEN1XabXt
perf_test_1731,5FX1GSbLgzVGwEPETF7cNxBNSLGZWoVrrsPYXbNk75xndiUH
perf_test_1732,5FMSn4tu8iNGAD33Jq8ZhkHH1sw1z521S1aHTEoSQ29PEdxR
perf_test_1733,5GXEvTAZVKvXgG4xPgLexvnYc8c9fSQZQxtyjrmnaiTDSexm
perf_test_1734,5HJYCd6hNaLoMZjwvGzVXYsGM3TA3rs2kMrHfR8SrwhFXZbF
perf_test_1735,5FbZUjVkpuzcy3ChJeHX75UzKfJJvFyEu3an3XGc1dqfo9L4
perf_test_1736,5FkAKFVR7JcP3TNt6a6KZoqUqciqQHNsJCSGxZZpfed5b3Bk
perf_test_1737,5FRXhRY9VG4SME9yymePoz9MgReiRzayfgHYcY4rhAdcQESV
perf_test_1738,5H3qEB1RqStBBW8mQ8KxrKAJJmWkecaRKuxD7KvJiV9dron2
perf_test_1739,5EJXommE14Tt8F7C8tqb1DU4nTzxuCJBpwA2Pd4c1SXaWZXx
perf_test_1740,5FfbydngXjbDoHBJQkX7i4db91TfqTKZm7XL13Xvx6vH8Zfk
perf_test_1741,5FFoqLjLPz5RSD8K8tHGK1bebVBEzb7PthMywg7A22xRv4sW
perf_test_1742,5GhBNKkP9JCeoNYDj13vBm8JfdAR1qizroW62hEXXjNBSnyk
perf_test_1743,5GL9rdh1VRVPNAJsKHNFYJgWLNXNTVm73FQC2DRnRGWAXk8M
perf_test_1744,5CVWSDdMRk4q4cppTdycdCEr86v9Ar3RZ1FUyBQ8PeYVAYyb
perf_test_1745,5Csbd7MQXv89t7bHcA39RXdxJctcmwUtJAen5FbUZtQj63mB
perf_test_1746,5GnZTtx8uAn8NRzcuyChYhjsiWpNKtHAqaaTZq2waAqnit5A
perf_test_1747,5Ftxa7SMMoZskyktZ8d5kxa86A62yZ6kZDkFWGs8a4mZZviR
perf_test_1748,5EafLb8ivCt33nrtSvx5sFAMt1zqvGoxaapfmnyQ4tmtYLCx
perf_test_1749,5CXERQ7XAXNsYnWN8H7go3rW91q8Qxzyc8qLe8sz1YB3YdsQ
perf_test_1750,5DzDkLp1wDdCWG9gFQzB3M5sm5wEFBZaroJnkZ2w2DtwceQ1
perf_test_1751,5GcMm5v3c8uxknoVE3qzwrb3687YobrxvgDmkvWJPE1qTDKZ
perf_test_1752,5FWmL92Ch8dfQnCLvLV5dND1EM3q2JXW93VEntPX21P264Kp
perf_test_1753,5DzGCjM3FWQBBGKUeR3Q8VkXMSxWHMuX2pDwstNm2KjdqsTp
perf_test_1754,5F9BevV88Npnqy5E1iLpB9PsuP4MjJNyFhvSxz53bsyMXNfm
perf_test_1755,5CmgMc3e3zZmubKzC16fnfgNao6dXLBVTFidq4mVKJH9svfj
perf_test_1756,5HFeckbT8cnf62TzE5MauNzXCn6kCEjfZsuuwG52NpYHEuF4
perf_test_1757,5Hj4pCpCimyCSvv3Mwurf9Skhn1w7suumhB72ujaVRqTA7q8
perf_test_1758,5FSHFF9cp9F7SohwhLxPhBHiC2kfBUHs7poJ4w5S2oKVzWoM
perf_test_1759,5HDzPeMN1Lnan4eezegoysGmGgdwjHPnGMWFUewyGgx6Y3ry
perf_test_1760,5En6XdwQQ4ShowDoV18kbgdYayKvskitTPhkkX5xYotsX68h
perf_test_1761,5GK3bbdbpHwv4PsNkLscEa5nLKGjp1XprwzTF1R1ycmBcWcM
perf_test_1762,5FJ8msAJpgpNPzDrn7HBbF8pYm4HdKzpf8vMfCnrEQBvxPDY
perf_test_1763,5GegB6Td5qJnRFMLDzQCE7mN6epJU7zahkSk4MXqrt2H7dwf
perf_test_1764,5HVXuhLvQYFd5cncdZJ9AxpKNXti2nZMvUyi1D1P9kFYFDXx
perf_test_1765,5DjUwpThb6zwL7EZM1eeZkrtC1bH5zhM7ZVnUBEjRXC8SGJw
perf_test_1766,5Et7Hz9KnGafebPcNWWDR4vV5Qa9apgXarwoSPXBjU4X3v2M
perf_test_1767,5Ez6YLJFbu1D2PFPopV5FXHfsA5ns7D1ACySVfKRVC5mvt5C
perf_test_1768,5FgdAF5re6ErUxxRLJpqzDsZMAzWZkG1tGjmS7epstyhCuTf
perf_test_1769,5FsTsYvWEUrfohGnrnubxBxEp6JgpfkJHEkQ3UPrY9kADPfK
perf_test_1770,5GTns9RvNZHq4tzNBFgVBFZGPG34ouuuwimmmDzGeD6JcbsY
perf_test_1771,5Gxx3W8hNDdL2QSyH6YqgD2w4HcFGQrsAXwxFkeU8e4MofeA
perf_test_1772,5ETT8BWyNypimEfEvv4EHs8D8KbXNV4uMipMp25NzBNJaM3s
perf_test_1773,5F7DvFkkQJSx31ixQWayiMD2PBBVHEPuGaFVJ4uJBZnQGXfX
perf_test_1774,5FN6mhuuD3hTdMtY6tgqKrU1tsPGKpifWU2fiVUufjZBm2j1
perf_test_1775,5GFnkGFyvZtvNq7BBXP6nF3yvEtGBgKrCJDVEahsSYwgitvQ
perf_test_1776,5DXrVEqnaiUSbTyPZWb6d22rZwRfQnjPfqfJ5EcwmbwNH6sc
perf_test_1777,5FUpQKYsJrF89WEdPvpepd4ayoocAMSP7mhX9nsC3oYJB4VL
perf_test_1778,5FzL4V6g6YgYf85Nq7192YfJhcX8kMeCxw9L8TPuUBLbvrD6
perf_test_1779,5GT5s1GweTac7oqEuTGLxTE1DreDMtTWP9hyaxbCgkJPwmCg
perf_test_1780,5DTvpcEpULj4YrbUJkFN3HjiiXUAWiAnRmQssCTS5L4sUZpi
perf_test_1781,5CEMbg8Qq7qu2jXPFeKHm2h56t3n87ufbMoeL9qU2b51zqDL
perf_test_1782,5GJHUaRCWQXDDQb13M1Tvc7NcAh5nSRkQ4gHo9Uz88EN2SN9
perf_test_1783,5DMt7ZwdrADGJQSBALAjrEHjRL2YKqKBuNjUNThhhEGmReVv
perf_test_1784,5GFX8tmAe9CynnR9yGzXxWRKLkPXWPUsi6UgABQENkZiXHTd
perf_test_1785,5HiJqPgQM8EfzrTJAWFXZ9qJpQY88Az9UZ8qcJY47ervoChj
perf_test_1786,5GviB6azew28nphPzSgyqKTRs8ejtmLpKiGvFq8UPfgCe1D4
perf_test_1787,5DXyLeMWuCeiW8q4u98LD3exMbrNApq89n7C3gPGBL3Y6Kbv
perf_test_1788,5DHUCD8VB3gmXzXecXAyVaYcPQY2ggfHpsbr4hzL1dKn7tDu
perf_test_1789,5F9HosTEapvrdMrADLRo2gYf3A1Rvn41vocQnk3NEQKAF7Tv
perf_test_1790,5EtkJtg4tpZamNYPawE3HcsK8cVAfiUy9dxNVfDhGNpMZyLM
perf_test_1791,5Cpc4uu6D6BKWVBNasdFaRwHon5NjvCDV9JwMfuFSuyXUs1F
perf_test_1792,5D3x8Q4erq3iuvi9Ma5EvwHBb8rH2HushmqQG8Bx2UygjAap
perf_test_1793,5D3k7YQX7g5UwrZSwJqMNjbjq5JmqURq16Fy6WMKhFSmvinD
perf_test_1794,5CJ4u6htqDnYEgfJh5EtS2U7BNCAmZPiuMxxCLV2jGDMfLC8
perf_test_1795,5CERhqoVpoUsJWr7fBUvztwgh9CaAg4dvHskdBUbgxtPW7Fr
perf_test_1796,5Fu8bo9bGYzSN6RbSuZfZKnssHRnfHoNdodB3LKEd5XrAT6Z
perf_test_1797,5Fcf8DdPziiCZLosgq7ja3ncvRCvJFMhx4y9qs96viPTywN2
perf_test_1798,5D2crmoJhHWR3ujPESfvqKh7bqBWnipvJBk593pddD1yVTyb
perf_test_1799,5CucRQ2oyDEmuLmoCC9ZKSFaY1CS1KqaV3HzcTxgbNBKrbqE
perf_test_1800,5Fi8mVuz4kHEoy2HBHPaK5yaEmoTodhD2mbx1jV5qP65K4LH
perf_test_1801,5HULWoFAbdXUQLNtzizHqSmgiE6exbMv9RNiJfyQ5nZ51g6b
perf_test_1802,5FwQZ55Jyv3gZqP8tjvz9mQKxkUAYLrhXfU7Yg6b2UzHXJCc
perf_test_1803,5E2QRb8nLt4d5ou9eBDifTyB4vBZ4pCzN2NjmKsqvjq91sJ3
perf_test_1804,5Da2LMCoNhamru4VW8XCFW17SHyppA8U7JEX4zdpXQa74uZK
perf_test_1805,5GhUyUcWeGvQvgqHWNLLz9M6kQThy2hnxXVKW4zTRDkvCkfb
perf_test_1806,5Dq5bs8FuKJa3P33oe5ZckTi1QxTXJsoJKotuXqgwuFWGmcC
perf_test_1807,5HmuEEFr7MwPbsAbrkECcBkGsQQ4ijWmB6CbL86i6qrxkSnZ
perf_test_1808,5DyGqqQpWpNLp1XfEiirTAgkjZaaetUPTKGArY9guK7GWkim
perf_test_1809,5Dz49TvvYqzatztA4dFaykePjaqUuVZU8aQgE8Wadpzs5rJa
perf_test_1810,5HQ2G1hhPCaZ6opAuGvoL9Zbs3BcnnYWEh7AyKjkuY4BDmFJ
perf_test_1811,5H5TpBq2CHS4NZURCAHgvGYQiid43Lpc3mAcfkK8GKRSZ8rL
perf_test_1812,5Eto4CJaxS9VVd3fF9YN5Q4WPoppiL4vVd3fSx21AdqLC3X4
perf_test_1813,5F7qwy1PNray5h2qmiBxhTiCEX7HvjeC4yeuUnaHshDUqKif
perf_test_1814,5DDF5EkwfRjoshVGnzpsUyvYSMvt6BY5m7wkdEQGJSYuFneV
perf_test_1815,5H2P64JghHxqqMRp7Z4K9DXHmFQ6jEUenioF3KUdUtxRNMPE
perf_test_1816,5C6XMF9i7daZ4SZpLcP7jS6v6kbtm4Y1U7hWPQfuXAdzq14W
perf_test_1817,5DXy9oY7MCPYmK1aBwkxozdPhN4q4F38DCs72DoYEsMWp9CR
perf_test_1818,5HUjYDa62uga2uSWyYhbUFSgVvrDSVx2kPFMjmNxmhqetRrh
perf_test_1819,5EyHKTKMYpZkUFdRTa15VfmWgUzAD9fdBo5eD7FyN9Gg6ebc
perf_test_1820,5EFfmfQanhzBe11gfRoW62WSocEuGtFucEbQyia4XGzyW47u
perf_test_1821,5FVF4V448aXGtkDTKqzjMgLgkuZL9hspLdbZNiKG9cF9Yeo9
perf_test_1822,5FyJZuYcbBJ233ErXFdPuMhAnHZHRW2rQYfiR6Aetp93a9dh
perf_test_1823,5F1SxxQJ3hTZNqJmkkL1rHFwFgCMT6DDxJhFhVoSwNzxUJXZ
perf_test_1824,5HTajtJ68yt6iBdHurT46oZXSG7GM8AWteJdqeWsESyqPwqC
perf_test_1825,5DfjDzjPHiQXF2A9BfiicxzHoNFrFrh7QLHofeJeRB73JBNs
perf_test_1826,5FNqXrzVqtUhhxERXs7wcW3KJ5qaYzJ9btpBPS72xa5yprWR
perf_test_1827,5DPX8V1JAwn4bV2m5skqZTJauU497U3JWDzquVxNd5x8b8zt
perf_test_1828,5FoYdk5nJ4ioMvfg7dPYpDv1QJAHyrASWHFuzdqNCBwfffpj
perf_test_1829,5CfLfNyFSQurn5bPkd2SHWSmV89U4Yvi33WaqeqnHJabrRqZ
perf_test_1830,5Gs7vJ54VywV6hQprU1wX5AYmyVUeNRPFXYBHKRN2WNgtCdA
perf_test_1831,5GJxMfApfXtJeh3drT2rwXc4GHPdq3VF5s5Mc9jjt8VsXPMh
perf_test_1832,5HnzyaVuioMceNiByoJidjZEjf9AMReTuz4EUw5vmZu6h6UH
perf_test_1833,5EAJW59gmWTzAis3K3cXRQ9CWqtxhkvrmgDVHiEActZ9U4xk
perf_test_1834,5Grjfb12RiKheDNd7JpFmrgcedJitcr2arP4rseHdqLLTyWG
perf_test_1835,5GJcDYJWZasyCvFygbT5cLqoVWk8rbaVNJPgfTxpHp6GhBDB
perf_test_1836,5EEnvNytzaNniQGQTQ8x7TCLBTieVb56RAmhMbpb9Y8UVaBY
perf_test_1837,5EnFgnMdX9ZydkuaAz5bioReQjCBZr4G2pBjhmfpRa7emyVh
perf_test_1838,5GkdHSrtLVMYzjJcqCH9N6HaySeAqMdYBdwWwVUSMWdonjTg
perf_test_1839,5DshitYQbVog9hDHvxKSuBdCYXDwvQsLfDsoE41R7TWXdgmr
perf_test_1840,5EoHxpPzCqVioJcLdKEenu9yoTGK78XZFy9g6V6M1H8wEAHr
perf_test_1841,5Euo3H9UBDcuQJ6ysfVdHr6X1iAbjp2ALJuVWLG2Uwg6mbJN
perf_test_1842,5Ejq6exEMwQiQeLtD7PtTVtQE3GCQpUJHqdQowrxVzRHqVn6
perf_test_1843,5EBxxgT1V8LUzB62EsCyukoVHCTjtLMUFH8KrZSwDhk5Au2Z
perf_test_1844,5GGq6C2WXiBQkvacQz7QBSyyrwq9YkQQBcg7ZiRJD16dM4AR
perf_test_1845,5EN2aUqdmHk2zt7TtF2TaL4a6AWv6Aqka2x4KfWYhDZ9vcSA
perf_test_1846,5HJg9YCwxbz7rcAFNVxqAE2tMjyZZTX6D7kwzpsTvF5zjuLH
perf_test_1847,5CsdX3NPXaQ2ocqcwrkqFyJRjFxBwD4mcBJ1dUyWhymQFX3e
perf_test_1848,5D4buQ5PGoU38a6CFbbfyYQaTpnE9Da1omrJgDTmVJBWXME8
perf_test_1849,5CLTicKZWrKgm2D8fa4YXxajSxMKJD8wgDR9hv2QHAp1kH1H
perf_test_1850,5H1DRTfXxuMiS9QWAkWDG5unM2wWk8MBmsfbdDRW6tQnGd2x
perf_test_1851,5CDm2RFbc4ko4m49FACtSvuroHmxBm8Xh7urbCph5UM44Wkq
perf_test_1852,5EeVWaCWcZb7iyjtXFFMrfQPxcUhrNsakYeQJdJcxcZd7FMM
perf_test_1853,5GJz2PKZy2KVhu9F9tWhKeq2WWnDwHBbT5YRKvmtF8gqfnnf
perf_test_1854,5EwgHPh4gmM7pp9mjnx4t2gC9hJHdwHwxTM878S5Jw1M1zia
perf_test_1855,5CmacYbp71YyJWf5zj61E231UgmV7Ujkj7oP7tFa2VgUHY9H
perf_test_1856,5GKdUmFHP7g246WDEJW9yECGL7D4jupbhtyGTsbCNrtJFHnN
perf_test_1857,5EDx6Tw2RLa7dBUfu4XMPQ6KHvgXSJH3aML8BAv59eC2zaaF
perf_test_1858,5FkgM3c6LDa41BLKuH1fPjm2rpKSeaN5w8efPwmGYyPf6Nx9
perf_test_1859,5GShb4Ai1TmCB4UMD5LfbCom3QBoafEwWVdAF9EGioknqNUT
perf_test_1860,5Ds7YrBTUFVjdVoejknVFt1bEJB2zcqFZPQEWkJRZZuEofug
perf_test_1861,5HEJ8hLk2KkL55YMA3hqzwuEgAJLggjJM2mkijGML43SZkU3
perf_test_1862,5E97jWiRR2qHNo9FBTFtTiVFj78z8eyvirSUvGyJGnwvRo16
perf_test_1863,5CZgxGjPY7KJcm4AaCp25JMp3SmYeKbZV1L4zqU7z1yeWohH
perf_test_1864,5CQGU2TWv8ezjJui5LCHVBZENWE41k381NeKjzCKYHtH5nx6
perf_test_1865,5FVGnsrN2jH6vmP8GcMT4yZGGCJDCUmbqpnfDqREGvKqK2pz
perf_test_1866,5Ezc3xmTEXRunqG3GmHwUGe5HHtvTgvuZ1KYFG73cu7dSTqj
perf_test_1867,5Ebi1pQFzfmPMRepV4cQcnhR3LuQtZ1fomy4L9WF5AVhAkMP
perf_test_1868,5CUEVjT1putWcrh7mLYZbJgULafNGSXNZHLEduNQqv2ASztk
perf_test_1869,5EgK2Y7o7v4h4u6FnHRxr7yxrZ27qNMmtp2iVJCinGQqET3Z
perf_test_1870,5Gp1b37hMWuqvREZGoYyMQU49F4BoEcoTfyxNv1Uy5ddrevG
perf_test_1871,5HfMoy3ornUDmKY2pF5YqSLLoFiWdJQJPivg63omJPZWyM9x
perf_test_1872,5Dk2m1eKSpBwBznNENxha797nhac5KTxhxcDHei9fGyoMwai
perf_test_1873,5FN8yK2EoHdnBTzeFzmmQrjpova1hRaVqGBEz1EGKiKde2PK
perf_test_1874,5FPM8cgFhrre5oCpTQWbDqZGR6ThUaTjDHoyso8NzeuKwmev
perf_test_1875,5Gy7DtYTyFG4SpczKiN3B7gihKE93d3XNm8KmeoAg7vcf33J
perf_test_1876,5Giy2dJRgZzR9x1mwm1rxVYk2NqmoQjdpCL6BpBQkfi6SGmV
perf_test_1877,5FTBgbXnLW3yHcP5FMKUi1Uvc6URa3Aae2sSysuNUihHsyp3
perf_test_1878,5GXpDBiXqmY56X6GegeNs5dWqS7R7MtYDhG3KHwokMpvd2Nn
perf_test_1879,5HYV7bAP8EdxRfuiLgdwdQyagG6EUKfBgQKrBdY8rkCtYvkv
perf_test_1880,5DLdK6XDVr7Cu56jqVcxT5pjbo77PuoDJvy79bGWvDCwKdB7
perf_test_1881,5GLiXxErvtgtP4y9WgPTVkvcEQb1RJC9oy5QkvK5mYYDXSTD
perf_test_1882,5DKvoYAyn7adHP7xRJPZCcDz5XG3Tptr4uicmvAvEhVxpp68
perf_test_1883,5FD3LfFoxTMU3YktWNP15pCvVQSAWMA8ZysAGqeopmPr6eXV
perf_test_1884,5Gz9YMbLDRjvN1bCT3JU1myHpufnyYbPR6sEy9BykWsnXWVc
perf_test_1885,5CKANi4mwpz8ZKtYS3XgFMW6L4JqkhzBPzKHnvMWsBmWkxYj
perf_test_1886,5FViUWmmFZPqgwRB94TCey98VJ1e5e61axuB8QdZuafjJNfN
perf_test_1887,5Gdeew7FTtQxJgFzSZJ1FHCgraFATFQ12FJCF3cmoiaAQ5CT
perf_test_1888,5GwBKtQzMirsGKD5sSSbX7Q6qymTWBiLkmWDPhtNbF32cCsy
perf_test_1889,5EjwXydDojzp5xYeTkgh2Xbgk3NohDGYQwVCgoubAykLezwz
perf_test_1890,5G9rgCU9UQkmFjpxef148S6sqyNEvyscsdXjx1zjQuTZoMB6
perf_test_1891,5HcsW51Z4v11ZXYm6fPxX6hNAC5u5o2ap1ZJAkoAvJcVkkpG
perf_test_1892,5Hr4ubcjXuvzkXRejX5CHaQVBGbmc6v5ZQzbZAj9kiM8n5BB
perf_test_1893,5CAFrHj6M6Dd9XDcbt75yCzokJAo4Aw3GdTbTKYucu5iPsMS
perf_test_1894,5DNmXcYem8PmCrCVnZ5ZnYHEDSdYY1mGtieLP4Ndnasm9mDr
perf_test_1895,5Eo6DDBozuSmMszc6E2grAiHQPeEHcTdCB4wLVx5FzkSdLcm
perf_test_1896,5FagYbAC4MH6dhbU77wiKHcy2hdPtXhQcESMKgpp77fuUbNE
perf_test_1897,5DpGrbedvcrNFa3txLE1bd81CG4HFSDGSiY5oYSMKYUuwgQT
perf_test_1898,5CtRr8Q8RXDjcKMQiKkSbcDvqDTZ5z9x9FzYxKSdG9miobu6
perf_test_1899,5H1DojL6qZmtHL9dY7rYqRTeDxwPzi1rznWunhK8kVMhviz2
perf_test_1900,5HoxKqcCVAG6nyeq1ujKmemBMh7cs3qSNh7qYFwvoK85qDsR
perf_test_1901,5EV9YMFc536A2vH86ubDycma9CoTHJEFY3ayR9gHW9SgYPBV
perf_test_1902,5GXwDR786rVFeGDYhJunNGJjq4vdCVKwdmKqw6ezgp7BBjRD
perf_test_1903,5FVaxjBZnQ1PcX6CqTaw7o6aav8qZkpknfCsMjKw1nAJDdan
perf_test_1904,5Dedqbe4MmQ8wwfv9x3Wh5jb6mGxdbeh6mjamq47kJHYj7FS
perf_test_1905,5HVoVDgMxWtk6cjo1gTgRLDWnp7tWPvtts2mkyQY5g4oiDq3
perf_test_1906,5FJxHhLqGghPHKUsA4ZKp8Z9sCTSqcmwd3yvWhRdXQ8rTxPe
perf_test_1907,5G5ZgUakWMHBUQCCvb27m4S5GKsKJ1ZMVzKEsF4fmqEVLWDU
perf_test_1908,5GCScLQc3Ts3oAUuumLt3qcrGocoygd1sqgnLa27WpKiRsHA
perf_test_1909,5FtZqnVUYa7LiUNyqT9PvP6qHkabnBkkkYH3WqPVSNtnvedW
perf_test_1910,5Edyn6V3sTwdRe4yp4neZ4fGUzYP447yLsdKVidYfrbeBpnH
perf_test_1911,5GThQ41q9ifUBVx1YTxVYQix5EeBFtNuygqQED7Ce4ygiWsL
perf_test_1912,5GAubbNoUVh5952kuxzL9G5tJWF4EqXbPhx57JjDFB5GntXA
perf_test_1913,5CGZc2bBLJ5h4EJmPfm2TMWQnmUJZfTwMDHmZJnr9xBxshbq
perf_test_1914,5H3CZdEcimf4ud6AaxLfYSUHDuxHStXAHCpyA55RDvoMAbft
perf_test_1915,5FDE1mcw8xPimLrmy2jiuz3hJdGfpxHa8BCvejAt6T3citui
perf_test_1916,5Fwt9kNW65V5EaHYquEkjCxjiusHxaMm9FadPq3V9xdTDpBq
perf_test_1917,5Ey1UjAKpEVZdc7AKoguRJ81BSD2kLYBYhXYHjehsvm7ceiM
perf_test_1918,5D4nZq5aqUVT5iLXkjCFfwrGZyBRRVCYNUetftqk3CjGmbaX
perf_test_1919,5DoyN9uUMC8SBPiU6BKtZonAuax3iZeBKiUu3ZKBZuQhYbCG
perf_test_1920,5Fmnk7S4UrPEd5cSfsM8aBtHsXniYVXddvmpcqigiPT4rA5Y
perf_test_1921,5CFVLQYxG63UHMBRND3b8Bjc6e7KSJUrntMh9SgHEwXBYdzm
perf_test_1922,5GMjYefqDD4oSU18HoNQRbngEpgCMK9FZH9Jz44TDqNarRxp
perf_test_1923,5DD5GeeQevb5dbSCrKVxCyC8mY75G5BMVhjezJD15UTQdTq4
perf_test_1924,5Co2S4QuBVCSsBzHQ9CuUDevg6G88iamRKdymoWQ8g5GaMNd
perf_test_1925,5H9Eu2uuednDL3PwZn1PHhG9TuU5Bb2mF93tMPrv2QidxkUV
perf_test_1926,5Cp83fN4poX9jEZVDauAqVG6r9Yor3nz88FSbasqh9rKqTzx
perf_test_1927,5EYa4XJuyaMygYHb2rWMngTBdqRjqDM359MTmULF6LEhcyk5
perf_test_1928,5GV31opCmvnEJQxYTBmEEfS7ZgaNrpadd8wNVKNNZPuSNGRc
perf_test_1929,5EMdDDac5EVke3wKze2sgmQ13WYuMCEakDfREY9r8iSgzsMG
perf_test_1930,5CUDsvKi2P9LnHQ3kryJAc76EGTZvvcKMV8FKXBQKaDyDAzL
perf_test_1931,5FMpYUzY53c7Vd5VFJLdD7sRToerpuEaL6sxArWGifKq27SY
perf_test_1932,5HDa2SLYjHCwiBoHJCdc4YPCZCdWVrMoiD38hNzE7QJ1YgY7
perf_test_1933,5FGXJYNKezLG2Gf54kNKy3CCM3wWWtMpZQyoZYnPuPLaGJDH
perf_test_1934,5FQcjW8uDAQ69nKnXDDVYN3rqtNWprR4wACHyExTPozbuZbX
perf_test_1935,5Ej1hj8YQq9E74HVMwuGZaV9i97fTwD6WNU9eBFR8VohA3v7
perf_test_1936,5FbJFwzCfCZq71AysKAc71NgFNFGojSHzSxYGAPF4ifvBg8K
perf_test_1937,5D7DasdHfJf9gzZQebKKQbfYN5LQZWgjftSnZ42okYbJ3ReY
perf_test_1938,5CQqJVGhXSWwAdarTrt74ZeRGn3MGVpZaBk9Qyp47XDczDuz
perf_test_1939,5GaupBeChhpCTQpdA5XxXm8HAWNFAhauGiEVXZR8SR8425td
perf_test_1940,5FGeCXZoNfHyhwgGGCJYZpS5CG4juynuiS6njtGaFjiN79Ks
perf_test_1941,5GjECoKCWXVwAobijZK7yME7rpG9xKCNdtWZJPixWSHk879Q
perf_test_1942,5EcoMsM6QMNp2Bp3GAQUA3vQRupdP46NLY9VGi6qRx6QHjZU
perf_test_1943,5CZxmFb6JLQ16rJa2NDaubnfPZF4MWVhbLbpoZaDhasbyC2E
perf_test_1944,5CiCrueSgxTa89AHwWu986CLiizYiFFWSDMxgE3cgFWrdSVR
perf_test_1945,5Da5ggCnoMPa8wTyi1hr6rBE5PTdPShi43isqr6xeBKeoFAg
perf_test_1946,5DVcMysDcGaMhAE7od2ywdVZjHhGHPvvp7nVonWdYomVJrif
perf_test_1947,5ED8Y8KiJkbxAX51donPcmnmKqkRBprmTLk3cW1rQTH8hkF5
perf_test_1948,5FaFrJH2XvV3Qk2wpysxAdKnpiYRe8QvaYnfYWF8jcekWsL1
perf_test_1949,5DRUBdE8XE5ypYbihYqVsoVDBY9sJvUe8LYYtuPZ64fkTWFV
perf_test_1950,5Cn3uTN2DT7uGFGJZSN7xEJ3niur4YqQpjQs7MqAnxT1SHnj
perf_test_1951,5FzU7nJc72kg8QKQ2PBgbk3kQdyr2CyEt3n8QyapAdPik6G6
perf_test_1952,5CwZrDDYKLyWQY7Y47BwoA2rW3fQVka1QmWKZ63QUejd8b4G
perf_test_1953,5C7s6GcbfsJepugFXpFxUupKkXf1NmQPhJAua6cgHg5NKmhh
perf_test_1954,5FtbzUskV2rwzTVqLreQEmiSvkeYhUBgvDkyKwAQeLemz4Zm
perf_test_1955,5EjcFK7PJ8DXEUXYqsanWVuufKtjdGLhE8ZhJafbU47Wc6dD
perf_test_1956,5Foi6DNJLiq1uhYH6J8HGeYiHvAYWpvkgsFjFFWVHz9ktfVg
perf_test_1957,5DruoMj5KLymWtjiBDaHwjzjgwwtZDoB2qvY71B8haLFagsF
perf_test_1958,5FBMAR3mo44bwAEFPkiCfaYqfmbfrDQVP2e5s3Nvd6VyD78h
perf_test_1959,5HBoT4eywiJjB7V6HtucWF3S1v95FR1wbFqe7AGBnr3ZQmCj
perf_test_1960,5FV7kLd5bjgHkStBUeb77jEgtH1KQ8h47zGPT6cYs3DVtuiK
perf_test_1961,5E4Y4dMsU8YpbQKnHdgWy3yQWVAq8PWCb64WuRUEprdjTRNq
perf_test_1962,5DQHRj6t3c8KT3wkFJtAPEcpbFFBejWT2DvM72bvYUZKrZWP
perf_test_1963,5Hqhah8eiWVHxBhs9wyReXifhcp2dM9LZsRRwYW64vBBcELG
perf_test_1964,5FqiHmHHHBZ8EEJXSYPapkmG1xofbEE5b8FYD8YyeATzrazu
perf_test_1965,5FYnUUTyaiedorNwFEh6jJ1uzgA58YwMx9LDVL3B9Bv6gQJv
perf_test_1966,5CVRvBW24zdZsxyZZDQ6fgYgxLyAfhR1nTUoWX9tQ4fbuAVd
perf_test_1967,5C9U3GtzSYe168eRDefG9HCSr93Leae1nnh47tL2yBGhJTzV
perf_test_1968,5FRYRg9D6XH7sC7wAgRdsQioB3DX8nu9cJ9vvDyXu8XsnYVW
perf_test_1969,5CyBEJj8wbsQv5CnqBVokkCmkL7ANCpsPVrHWL9QsVmk7nmf
perf_test_1970,5D445C97FKnJy6HLczZ6Kx2ZUofN17b64B6ErtF4kSE8qYS6
perf_test_1971,5FsF1zh9aCDgFWqEpd4Gkhx4kibimSYvkts4pSJGPBeLNMzp
perf_test_1972,5E7GzwEo1VcFyDwrgEM4BfLmD85aMA592kesx9hekEPRgLnj
perf_test_1973,5E7cG6vqEyN3WuHAHxYRYheJzpyqTxwJiBykPCgQmsLUiccw
perf_test_1974,5Dy8xwPj184qhhMfwEL4angQGXgEtZ5JToHLvnHGW5WMRCsL
perf_test_1975,5DbHQpnT5iSS711NqSBzFtffwpJez2hf9b7owKtY8cFUUAJH
perf_test_1976,5H8AZAsFNgmxyyn6Ei5Mcobz1m364jj77ZAFX5e6wBan6VZh
perf_test_1977,5CowC12nk8r1S2JV5WYZWvG9v76sPaJBq2jHRk18xM68ewN3
perf_test_1978,5GPTbjv4b6FCi6U8NVjVAqi6hmUc81npCwfFhgjz3Ddspaxa
perf_test_1979,5GEkvy4Jsm4QNnmFpunyJHMGj7PVdiq9CMF6vMNmmH8sRMdY
perf_test_1980,5HVMt4A4Rk7GkhGZqUSRLmsdZJaFbjsmdjEYTgrCZ3XXCcYA
perf_test_1981,5G5CQJuNAriLTt1mARadeKXWepeVgyKwSaSBhEjL3mtHtSV6
perf_test_1982,5Euvu4sXZNGLjyrqsh4UaEr9sPnew7osKfnxwLZAZKntqy41
perf_test_1983,5GdKnFr6CV5sSanxCmivRpZHAUyfpSa1k96ygaJVz1SGkuoE
perf_test_1984,5GGQzfRmG3CordxDC3BQcJrnw2Nvc7bUuhFgfLP3wgDx76hT
perf_test_1985,5HGx5xbhQExyAz5xzJy9ogemuVirtTEs82QbBdgjjermy2VE
perf_test_1986,5GHv8d9X8QCKJz53Q6YjjpiEb3844Q15U83rrm5crx3rT1Yb
perf_test_1987,5Fsex76dibZmApkEUCAtQBhcfKkcT498RaoQES9RCokbtCGS
perf_test_1988,5CiQnwvX6esYD5nHa82TR59qvXq6Gx1bmUVoYYEivX41DTCV
perf_test_1989,5FQAiyPP4wc3GnK2CUnyWsCS8YiCiMNywCivXubdwmZeaSrf
perf_test_1990,5E5yWu1Ue3DtZ1CToD7dQrvgPb8V89hvwCWMqLEbEqY7czJ9
perf_test_1991,5EbyLyg5yY36BTjkjzXXJogDJSyYRvhf1KiFLurD2CFLReKd
perf_test_1992,5FvgfttePFkcnqMiGy4yeNzaPxCyycpyAE1EJFAnA8QkkLKf
perf_test_1993,5DsYutY41LE5MauTRJkkdAri7QfTofeCG1CMzM6UsfzDQWHN
perf_test_1994,5GthQRa3ZtJrPamzUexruiDrYkxeGb3gofTAxwJLUgxVFiMU
perf_test_1995,5H1F2xMLhgV7U44exEXuJTXQvjEUnkV3SAuUr7KGy5zFAn6J
perf_test_1996,5DQABR4GjZfk6YEfLYn1yCfonkib7mjMsTDtEkhiPg7MkH6T
perf_test_1997,5Ep7M4GFgELLuKpULsLaKgKN9x2CK5zYKwJ7743ZeZfuTED4
perf_test_1998,5CWDaeThtWVNgKj81CVA2BpMLD676ecapRciwjqsuEHCbgQJ
perf_test_1999,5CUgUefj2qoeVGe2Y9BjyhNTawry7AkHosqosQ4LtUw2cWWE


