perf_toaddress_1000,5FoUu88WdqSzZwWP64NS2Amb2m8oXkSs5jYaFufbhrW2qcPG
perf_toaddress_1001,5HhfUtpVudnjQx2RvJXUyF8iNZrhGqYoHfnF6WkhxEELnHv1
perf_toaddress_1002,5C7dPFbBBMbD8qAbtQjE1fn3X4Xnr3RNWwa5tNsALHLCvMP5
perf_toaddress_1003,5EABYrq9S4QALt6aLqvuipzkWXj4m8QGjzh5xUsFL4CHUqHA
perf_toaddress_1004,5CDkQXXmzsg4YBBu3NchfEgP64on1H4oRD8gB8EnZTbLwdJc
perf_toaddress_1005,5EtozeMpn2P3SbPqGY4mb5aXGduD3mWzZBVDb4h13JDh3Eis
perf_toaddress_1006,5CUeM6yFntbNJqaM6mTY6cf7T8fKH9DUeJXsXqE4R6fdoMq8
perf_toaddress_1007,5FQqaUmrJ2NBGc3BsuMebnZLf2kK1RHE1ibF77ZKNjgeEU3G
perf_toaddress_1008,5G8UD1mzuesaQn7DyEUzvjFYhkvtAZDrcXbQYxej7K4EYVJA
perf_toaddress_1009,5GoF8HcRm3iW2bQHCLDwb55Hq1vHrwscjjnp6BqJ9uCQNf5e
perf_toaddress_1010,5EYxPUMW9vfG5TiF16hWCFKwAhpd7Zg1L4ursWobbd4FiS2o
perf_toaddress_1011,5FYyW9yUske2FvNTa3LmMz1VMy4P1dFkeCPJFgpr9XG8jghX
perf_toaddress_1012,5Foegk9rwsP5o3GanzVWn9nBzAhPnsdw8xiUtUnRNs7J6nTd
perf_toaddress_1013,5FWVmFavMQBye7wHgYmbG4q7sTAoXpqzNu3cb7WYpq6owiPe
perf_toaddress_1014,5DfKe2zSv8QEb3j2JJRiuozCCgLNhE7wme4q3frukDi9bUoN
perf_toaddress_1015,5FjMyUCMTLNFMr7ELYrbkmUzkpwWNVZyTtqmqrYDMRb1L9vB
perf_toaddress_1016,5DDurUPtqxVYLJc873M7wMgs6co4KaZAvQLprzBQnFTgYu1d
perf_toaddress_1017,5GKsnaTrAeLfVPDCoXv7yKgBFpgwERq4KALGeoFJkunhiyFz
perf_toaddress_1018,5Cbuiy1iENo9mJCaieKKhsiBt8L8pysnRRe1SZcsbHS9Na4B
perf_toaddress_1019,5CWzHnYsByMdJH8sQh8bJhMAghyah4esTKxVcZJs4UVXXgHq
perf_toaddress_1020,5CWVtbbyMshQRpk3JnLa3pwMPXQUppF4ZA2DCAc3RcBfy27B
perf_toaddress_1021,5GsWuTK8sR8KAcyfbwPWfb7zJVyGmnpiVBJNQeygSBTVskWU
perf_toaddress_1022,5Eah9hsLn8JCFqRcHMuRnmkFLZGGHJZiYwBCiGhDXjMp1zYc
perf_toaddress_1023,5FwYq542dhezSXD1GdGWaLcypoCNWG72MFg28xt8482np6h9
perf_toaddress_1024,5CLDirBFbqGcbnYonmGeoCZBpGX55vxCdEhEpcAhvGjXAsaR
perf_toaddress_1025,5D4YMp1gWXHpfqknBobSsxttVXDcme5aNAh5Caxtux4Gei9q
perf_toaddress_1026,5DAX4rSPkD4tgUeGdNfNaipXF7wWR13SL8RnybmBgcRxVJKD
perf_toaddress_1027,5FYzT2r6MBsaNny1k48DU9UtD2xr8EwTfr7JifUfKNYiAkV7
perf_toaddress_1028,5DibRhTDruFRuQ2P1HnNpSfGURBzaNkiL7xEiSMMbmCfPC39
perf_toaddress_1029,5Fn2BgGc4jcnEEki1MUmFp6JqmLTXHyuS2U5xMdQQEabcy6w
perf_toaddress_1030,5GS7jvWm9J7T85wJnkfXJihUddQircQqBcexjLniWCYgGJab
perf_toaddress_1031,5G34KZ5qTpUd6f8R72mVKDZABBs6wxj1uQR6FfSJL88WqgRh
perf_toaddress_1032,5FoXeuxyehDke6cqnEj4c4VyKCmHep8EbvjAbZ4eG6CvRGNw
perf_toaddress_1033,5Gj8LN746a5cpFNqhEhTmoJfp8Kq4Pec6eTfm8k6zBCnmNWd
perf_toaddress_1034,5GR1LuvkC4o2JXueGnQRGwFAVC6K2sLVmr3sw1xRenzhRLpt
perf_toaddress_1035,5DMwNpyyXcxrhGiCKU8o4rXrRe8sbWQEJEjF4Bc8W4E7Zcph
perf_toaddress_1036,5FJQ16qfp1fozn8ouhDbxBvgmeDFGysxwrW91deNT1Qz6iE6
perf_toaddress_1037,5GEvBJAwM1g7pyZmbENib5NmxbYdNXugh6xZuyb6FAF4Pv7Y
perf_toaddress_1038,5Fx78PTBbU1VTZX6wW4PDcJh4wsgNs8RbaCZyZseGudRZk3Z
perf_toaddress_1039,5FLf668eQj5tXtgUiv1Jw26tVN8DZ7PxFC4zQzH3ovQHvj91
perf_toaddress_1040,5Ho28TxgFHybtYRAxRkCkpy247RadeV9UcdySrD6DZesN7k3
perf_toaddress_1041,5ChArz7Uh9G2A9E8KYAyhufcmGoBQd3RTNdDBo5GxVuEm8eo
perf_toaddress_1042,5EvQYo6Z7bZE7RZByadVpkbJv6Qp8KbdJYCWBg7iPdyjLXZu
perf_toaddress_1043,5DhP6uBdCwyxgBxaL5ZztdDXtHyE82DPp2icnXBfzZMPcWaE
perf_toaddress_1044,5CbmYueqte8ST7D695iDr9nZdZapz13RWfRp4jMTVefs2cPh
perf_toaddress_1045,5FBDdSsuwUGt1crQpM9P85NkPVbN6mco3DCmPkm5GCZHfK3b
perf_toaddress_1046,5FJpgd99iRhPacREKeSRTufRYupMZRu83Zyvs3SwSC535BWZ
perf_toaddress_1047,5Fw8CWbfvVCKDgnm2esUjd73zxg4x1A85Vs7QstTEwU6ne7S
perf_toaddress_1048,5GKxAgwfED1AAQ7u8BQud89pQXsmkkbGMpuMkUYxnSR3jpmD
perf_toaddress_1049,5CnQba6XZPfedj4wXDiJPXhMUyHustw7HUR2ySsPb3tJaAmY
perf_toaddress_1050,5DKf9Vh9ou4feMMXzABxmYqN5MnLHwufFpm6xce41Q5C7z4C
perf_toaddress_1051,5CjAqDDojbNx3gRqmQGzVqMZTsFcG4WwqGfhHvdW4Ne18Mis
perf_toaddress_1052,5CqdoyXL1PiULoY9Tnky4UhLrWPt5hsT1BWXT523mJ5XV62g
perf_toaddress_1053,5CxqM82Bpx6YydDShNgLswvrzQDTKS4du5ULSQe6dUdFnF6a
perf_toaddress_1054,5E2nZsukDSg37ddVXdov3Z8JvYYDhM4YhK3WFEEfCXSypzBx
perf_toaddress_1055,5HnyDKn47Z3vJdpJEAq52Uw9r9iruZVDcKFvh3JFjLD4J1rM
perf_toaddress_1056,5DNSRH7jxKJXfoGtNy72CMFuDgYf9z6P8Sbu3WKVfiPowA7R
perf_toaddress_1057,5ChYQGHKxabwGAzKBzGwz9RGx1Lg59CRK43umSyUB5GnB9Gm
perf_toaddress_1058,5GefGm8WFMMQD5XtZobPZe4Wwhq1xTYqUi1A5Sc8rEZHSJm2
perf_toaddress_1059,5HeTUQhqvkKa9Cr1oH3JSN1USHjyiUo45oDvybn1hJhx5GT5
perf_toaddress_1060,5HeqWyuhwJ6QUcwiTUBrzRT8Ga7Segn9ED1eqeBPjuaoBr5r
perf_toaddress_1061,5CwnwFHXQP52T9XGdR2keMbfGMNr7ivrgmeB8SDJXFt3dnT5
perf_toaddress_1062,5GUCg6a9q36efdLPzDiEs8brJBADhAwE6mGJ8CVwZXGaxjLZ
perf_toaddress_1063,5CFhBU46HNmuQX3D8BhtBLGpYouBkRFrRSU3LaGeHp3TDKqS
perf_toaddress_1064,5DADk65rTwbpsMp2tLKSHoaBdZkLjrjc2CPZG37dbi9CtbYg
perf_toaddress_1065,5FzQwcDzP2rnqADpdLyJSCAgekENUHjZL54LQriv9hea6Vx5
perf_toaddress_1066,5DbdnR2bLTGUq9eNpfSZMLs2K8BuujnE5hGJ6fB2pGKqPE1m
perf_toaddress_1067,5Ga3BtPChYQHRMD9TwpiEbU1NSoMumRzp8dT8as5N1EKfXkG
perf_toaddress_1068,5H7YFjnuFSLBMsPqiasMvkmKLMVTEE3eJrEH5MGqESCLEAVn
perf_toaddress_1069,5FPuDgwxjg4X6rPRV89qHoi4K39SEExYiXBouTft3hWqLi2c
perf_toaddress_1070,5CuqK38vBzb8zGAXpxHwtRrYNj2aHgEniMcdeZqJdeRLcwBx
perf_toaddress_1071,5DaSrGQXpM3TWisMntkbEuDAztaPEfz3emQMXmqmx6f9gMa6
perf_toaddress_1072,5H8kY1cQsoQvKffnS95W21bGW5itf44k28aFQuRjrtx2nEYt
perf_toaddress_1073,5FBuYVWqvR3bMvY76sWZxzcd2PkVQyXGJSEFZRNhZa2NVrvA
perf_toaddress_1074,5EzA2TRv9AYT1toTCNrYHV1pr5fL6E5fgSsnCQhFjxjvqEoi
perf_toaddress_1075,5DNrcenMGG7N5pZGw9yFNBLJp2xs2hTFiwZ1K3SVkaQvdjfG
perf_toaddress_1076,5H2Fqq3o3en3HnTMUG4hQSUrK99qKu2z4FedocdSFNbXsJWN
perf_toaddress_1077,5D1ABRHpsBWwNSQoZLSujXiQYMMNUMg4EomEDaWqScwyqNGY
perf_toaddress_1078,5DxboD6pJGYZ7E1o5v1uPTnbz8Hy39HvvBj8PKpvKXn6nQEv
perf_toaddress_1079,5DD8Ym7VAVJuJzXxt49JaQeon2sHGbUHAsC74HyxQaESqZNv
perf_toaddress_1080,5CRGwPFD6VdLUxoSW1z4tkNoGnQmJpLhWp6Ngj2h3GZTiFbL
perf_toaddress_1081,5HMYEC1tSLhg9QxqGXtMQ6agN1fraYcLVpm99zWmrGmpGkzY
perf_toaddress_1082,5FbtfXLefMSmBdewx2dSyy1RymTRUqLB2VUGgqpJfydS7gY5
perf_toaddress_1083,5CVNiYVLcvkwn6JjVEg2HSLaUBcSsFg621sK2Q2gEkKuiQMH
perf_toaddress_1084,5FxNNWhRZWcsVrHSvzzwce6NLpBmRLDKoonqpQcYkeHJThMD
perf_toaddress_1085,5EscmRKvKFYtNqk81uFN2nxTqmvJyHnGDe2J38cNYxiEpvJM
perf_toaddress_1086,5DTxSc2BYAMRkcQCQneZSZX1TF9X6DvdXJDrYWXE6x9WG5Y1
perf_toaddress_1087,5E7KjTF5XQCLS2i1PXYnZxAYCs5yAziXCD6uvyM3UrgDfWB6
perf_toaddress_1088,5Gj66HkujknjiscYoyzA9eaty4sTUhGDawNukMDJLgAirTmV
perf_toaddress_1089,5DyBQAnbZMgurk9BD7MwpKUESgECAh9am3RJAtZT3GaWP9ie
perf_toaddress_1090,5CamHro82d7Cq7xH4yPf5behcStbSBLSE72XMDDzrC9Hq1jq
perf_toaddress_1091,5D3sXo3rA6bKbWgt81boiADeVGc8WwdCD6Wusea8EPVri6nb
perf_toaddress_1092,5FcooPpm9viGMDRWd7BtbFmotBkpQwgfLidsAJzY3wd26GYP
perf_toaddress_1093,5EZ6DbBLd1C4AetbvGvPSKCfyyu8DoLHafGFunY41Em2qx4z
perf_toaddress_1094,5EEBABiwi1q3trFLq9QVA6yWNyR645BzoDXtxgBfvGxDpHch
perf_toaddress_1095,5CZUGMp137sV2fUVT2dVqgPNxZaebfbP3aQmxVbSo7pGiJY4
perf_toaddress_1096,5FfUXyVqucBX4LnEdqpUetA37RzctWSHQCBeEQBzrv1nbEL9
perf_toaddress_1097,5CFa7GGeDX853CkTCEkwdGz341ChUEeUN5PNXvLF28hBMQid
perf_toaddress_1098,5HYE9A4chXU5v3JMiBkpQgM9JoYGYj2JGcsCgerhyzoNggoz
perf_toaddress_1099,5HRMCHFryHZmks2Eoy6FYos5F3geB7yVd4AttEikLqNfyeE4
perf_toaddress_1100,5E1ddwStH2kkatMu5nxQavjDJELfF2FrCdwCAi6QmgiyidgB
perf_toaddress_1101,5DiHFBc4AprksZjLbwC3oKSTZ4npVD7DQ69E9tgfit6imkFs
perf_toaddress_1102,5GQNGu7YnLZzvhyQGdD8VkHpNW9uNxc2Hr31bSLNwyKTE3Ky
perf_toaddress_1103,5Dr5gqjMXuxtByP8DvZZ4e1TCsu3CdK4mtZ8vBc4b3LxCGea
perf_toaddress_1104,5HpLqyNpTLhKZkeWpGUhwHWXECVQeY8ZdDkkMGfDCFt3RFNd
perf_toaddress_1105,5E2AtEqjt6QqHHvBPDrtpewPrabW3LoJ2QoLbNcHxt55EeCr
perf_toaddress_1106,5D1wQStwEesHqiJGPo44NAtZCGvs36yawRXxAdLDhWAgZkqT
perf_toaddress_1107,5Ex8561s5Vs6qSJDrpsbwScTP7QTXy4gK8TeLcDoWoPGwmGy
perf_toaddress_1108,5CbUVqyyRE7g7e67prHrRVXBU5vKvTLJb7bMzord6KZRJfgy
perf_toaddress_1109,5GN69Httv2t4Mj7yeUrUbidnnthj4vDxTnqJQBwLoQceMFMV
perf_toaddress_1110,5DiCKREPFzKYhFNrwwLcwSomZC38voYjFBxuGf9XP3MfVLhd
perf_toaddress_1111,5FQJHbPc2rront4zPC22VsqzaXW9L6ZiT7rTHzCWDmUVNJ4p
perf_toaddress_1112,5Dp4MUs65JXo19a5LZRSb9uUUXr8n1hVBNZfJQzKWLDNHQDS
perf_toaddress_1113,5Eaa7JQQtMWiiX2qfUJfykLz4LV4THrob1vTqjotxm6AoD2J
perf_toaddress_1114,5EjwoJ9oiF1WfSym82b1YfZFwEnqKo8eRxUUWXV3U5dZFW6G
perf_toaddress_1115,5EjYnxgM5ZAnpzTrCeiy78S3zrVJXQfME6kDaWWXVZqCXZW6
perf_toaddress_1116,5EFJ7cnbt9hhAC69SGRvcrxcBpjWDKnF3xAHEhRjeYZCJkRo
perf_toaddress_1117,5DV7zgLDiSrs2L1NTTPadwiPxxZPJJRPJNWJ6ifSfwmQnJdX
perf_toaddress_1118,5HHMbtDfbZUdtLC2yYm5oVntZH3zqD41sGgqq3dhj9NJTMhh
perf_toaddress_1119,5CKzBBQME8eJDDvYcgG4gDAaB7JrRg4UmwdjjGr1gvatPfEA
perf_toaddress_1120,5GxfLeGuyVW43MxoK1xFMdCxtKCQ84xKF2AYssMgEgfc6TXA
perf_toaddress_1121,5EXZjaDivuzXraTNpbvoVUcPxYskhvysLbFh8A8XAixGnJoX
perf_toaddress_1122,5D2UJgxAYeoLeFVCjHo5uG3zUdnmeDQvx7wRPbqyQ38P33hJ
perf_toaddress_1123,5FMAw9Ri5er6N7k6wdQwGgPGHN2ccnbqp6mvBboQw3EuiQYY
perf_toaddress_1124,5CmzBhdVqLnAZJcJLFGsPjY3eep7YPvsA42GEMrVxaSfq7Tp
perf_toaddress_1125,5CEHwZTVJPwNwCTK2kUjkH57x1GQA4USJKCgyaTjMMTxSeom
perf_toaddress_1126,5CPa6t5zLRp8hqCY6mN7ZPGEVJgyDCFj8E7Z7yS9pxbKw8dP
perf_toaddress_1127,5FYPid59JNkrKFWL4eXkNDqoQk4kzjMLxzFvAfbAPpYkFrRh
perf_toaddress_1128,5EiTXguJZALmjX4k5p2DAuNnJiuksuA7W1X91mYqzQ4t7cc4
perf_toaddress_1129,5FXyxA7mSi58YSUQMvN81fJEH9E8E9RLVUd6qDNaE2wAjHBh
perf_toaddress_1130,5DNV62f6MSfQvZ3KuCcXgJHxdnGCW7nnQkEYzdTTSJCjQvF1
perf_toaddress_1131,5F7yYQTedoDLKK92RAUjviuDKijarVqnLNkZxD1DvE4UttAC
perf_toaddress_1132,5FTrrcyvJ7DqxW37MqEi8WEhQA58Ra1ypG8uvKDGyg1fDoA2
perf_toaddress_1133,5ET5BjJgwz3wsThUxRXkdQd78n8uGkJkbzS8a3qXiVHtVfH1
perf_toaddress_1134,5F2a9zA54MDvVsGeS44gr8D2DKFZ7MoJrjTx4Lpa2pAHJT22
perf_toaddress_1135,5CJTcXabcdwqbz6LRem2YX5RM2oUihK6YgZRnxVdGvf7gey8
perf_toaddress_1136,5CYDEbdWRAWhZ8WgEHDuffwzASvJcFRTT2A4iMQ3NB3D9LCC
perf_toaddress_1137,5Fy2GwSYVaLWMfp2tHQho15X1YQayihYnEE1sPhpwb6LH6xE
perf_toaddress_1138,5FbLUMe5vBsqjwEBcyYtfpX2jmuDoPviuwkoa6NaGCHDNVt7
perf_toaddress_1139,5FwWDY4ABjtHEFbjkBW47P3wJRpZr4crSosgpgP1yjXMohzy
perf_toaddress_1140,5FR6W2xPsTrVQ5xoHskvySbe4KEiV1uQ7kdnWeUw4g1hEwGR
perf_toaddress_1141,5DnRVFBJkQ1uefWLQjaPhALvBQj4Kx112kntS52VJMLFRinV
perf_toaddress_1142,5ESR6Pdt76iyKmHBMRDP1THtcfqZYvLgaUyQ4Mpu4qBW7qRJ
perf_toaddress_1143,5CYz69rpz3Nb99M48ZLf23ghNNKNbDK5uSn8YvA8ga4RiKyy
perf_toaddress_1144,5EgzepjbfvjaGr2N3DfpmSN2RvdWUKsaVoDgGgBzcTb3xp69
perf_toaddress_1145,5FtWo694beHsfb2EhkDQjMrRNhks5Qf85SKPYT73nqj8s4AM
perf_toaddress_1146,5D1zAQE8yC1F5KtiMKXKfNZiG4T9VG3fBc1yzzZQpXP23ywy
perf_toaddress_1147,5GxwiGFJpU2oJPYZAujm5SiVwwK8EMUZYSpiW9h119gWdwoq
perf_toaddress_1148,5FHojHQhGAXE5jVSYXHPfUJcKN7KL5jSeZZf3pPnrXXhi1fN
perf_toaddress_1149,5DzJNbPAnYHicPnsPW9pFzmMrCT1xzu3LQY5Tn8CUCufM1QV
perf_toaddress_1150,5Ew9drqc1EoGe4gTim7xG7BfLrdy8f5dzidP2ovyCkjwDJtP
perf_toaddress_1151,5HkfxQvGZoteFxHnAoFyNEVgv1oYEP1aoJHS9zYd6go5dDEW
perf_toaddress_1152,5C5E7f8SeKkJFXZVdHE2CKNRpg9i3hvJEeCJwJtts29KjqyF
perf_toaddress_1153,5DPTnVgUJ6ckFy58KpnA6VhWxgC7sn2r1X5Sm2mwx5wvpfD7
perf_toaddress_1154,5H8rxx1s76L5hNXf74KQSHUydGwpCfC3zhYJRZUgP23H3Fzx
perf_toaddress_1155,5GsN3RJZm3t6Fmt7Bmm6HLqErx1ExewJfJtQthiuhkjQFnF6
perf_toaddress_1156,5F7Gfyc88d51zK25hzFqFBN7hEu7UTNrcUkxT5eFWoyq3yUL
perf_toaddress_1157,5CURk8NpR3msdUSVn1QDYy7SNdNud7fAdSVTLUtDjRiF71B7
perf_toaddress_1158,5Fhnw5zTZuxq3xDCijXPkEaNxzBv8Nmm5ARyt5YiebBrEUbw
perf_toaddress_1159,5E9az2J2uLs3CNmyEa3okUd7kUa9ivCfp5o2dPWKfg2m1hnE
perf_toaddress_1160,5HbJpYu1c1t77LCb8Ta6SnjsynLt5BoDUUgxdmk9RQjqoy2X
perf_toaddress_1161,5F5F3fWh5VR1bvNM9iPsJpkLHbi2Eu5NvxM9rahWEGGy2RKB
perf_toaddress_1162,5F6NCFF4gbTpjoHfsFq5mnTw8QDFR1ATYa5Dp1E8EPDg9tbe
perf_toaddress_1163,5CbnxCnYRBjdEQAntxxgDE1PL55TbtW3xvipNC2zJUNukzp6
perf_toaddress_1164,5FBB8JrDR3c4hEfBrQqwqkmghqU3EMWNcERtpNCJ8xHz4hKv
perf_toaddress_1165,5FE6RzPQbjHji5nFqxWbd5QxV4C3F7pcThbykNx7P8audWXB
perf_toaddress_1166,5D1jeLs4jk9ogCJaKAo3xgMtrUrd9CzfBAzJkW5sSCznRk53
perf_toaddress_1167,5Fuma36ZUAoCgBRc4oRRtT6hh44Khi4crmsbkzqwg1mWAe5C
perf_toaddress_1168,5GwLvQsYVMFJgMjKSKCosQAEm4yjDnf1MXBYJjw2rNSJ5FsD
perf_toaddress_1169,5HYNjfbenVqKgHxuX97tfJLdVagoGvfjvq5BVESYT7gge7B9
perf_toaddress_1170,5DCKTr7D3jN4QVziDGFXpnDoyyn16VQ5CSVNWfNnfqtjPBev
perf_toaddress_1171,5ErmHf8Y9pDTW4izuMMD9taKBwnFJvT1Xs2mUEnkyApp9DZA
perf_toaddress_1172,5CVU3uvotCDw9tesCvCwsNDBnEAH5iowCWk5Bwnwn7g7wn7W
perf_toaddress_1173,5HKLRDM2Dw6hV45dANaAnphAH6gdWywCB9TmnRi9KoYDcBJG
perf_toaddress_1174,5G8noTTKdKzqDG3cDqirnM14ATj2swCAxn1rLtidJDLh26jQ
perf_toaddress_1175,5Db37cFoRz7emkW1M59WUQw1M2QmFo5gpfZ9dEdNhPWi9u1W
perf_toaddress_1176,5G1sbtejmxwZFrHinfvQAdiAaDgVhgaSm6FBSWCmSfaYZcyP
perf_toaddress_1177,5GRVXMKfddJmhkMApmxnAhGZTeyUW8miVa4gunQWwTePnMDP
perf_toaddress_1178,5GrT8VD8zgMp5yi4NkuervwhnWRBvwv9SLLDEquftCzLrfCF
perf_toaddress_1179,5DYNVTYzpf8cBVC8uUsP7xW1uAsDGtH481XyBWnpthoovSWb
perf_toaddress_1180,5EoBU8CHhfJroo5kLkXaXysbGzVZnPLijCh9xUD1VtcfYrJd
perf_toaddress_1181,5EDDCKnLa8oMJLfXowP6pbHjipecWf4RWwkREtYMneHy1pBS
perf_toaddress_1182,5FtxHRGd1jGY8d9LJ7Peqv6zZrJ8xjsfu2sDGTWaZbanNT8U
perf_toaddress_1183,5F1W6ViFcgR4xBwkfE2EuXniGxjVsWBcG3KyvpCqUJfWVqMd
perf_toaddress_1184,5FiGp98YkpTRicfJrgP2MdCnpWGh2zgjDQnrK3e8nZvXMXfB
perf_toaddress_1185,5ERmbkBR5W5w1qvK3HnsPKC1E6dAWpXTpsyd6kTv57T28bS5
perf_toaddress_1186,5EdKXSW5cTb6PeyWpBDsRKdU55NbwL4zcMn6QKZ5zVyAWFDi
perf_toaddress_1187,5CVZTgECGimjx1uc4jUPKqaaCXq51BgZgzafj1ntPvnpADqx
perf_toaddress_1188,5CmgEy3zTgiduC8GfPM4LvexQJa9rUTGYNC4LWptDWXdhkCY
perf_toaddress_1189,5HcocuWMi9NBEYaTssqqP7TkQ9yMidVCzuzv1vzUfdkoSj6H
perf_toaddress_1190,5GZvgh6Pd83drDqZCFEDLjP1mEs1NcF9tzsso4HTz7WBRzqd
perf_toaddress_1191,5FijoApk6ZdHanJNh37WQqxfbQvZ8pwXM24qt1uDQvuhp15F
perf_toaddress_1192,5DaMdcbs9uWm6XG8rkbcLYCohwwA25Gn4S1AyT7UfwitesNW
perf_toaddress_1193,5Dgq61LaCKNxCRyGGw6Zfvjrdau9bCHuSDaBqaLcadCeATwc
perf_toaddress_1194,5DuzmwwbaHBnuMpuoqQuhxiHJ1h3RRMdP22ukHn1YJog9UAp
perf_toaddress_1195,5ER7soTfaWs4sPECMsTVtXkM6YigNhXCc8LwAxwA8DFtz9Ws
perf_toaddress_1196,5D4QW6JkHAZHno3XgXaguHmuH3R8SfrEjZSp8SXskNW8USEN
perf_toaddress_1197,5FfUniGzN1o2sCpqL8PhmsieDR7Xc38RQqWe3fWeZFveNqXZ
perf_toaddress_1198,5HbtQNcz1yC1xjMqtxavPGHfNm2nFkY1TU9Rb2pcJCsyLaDV
perf_toaddress_1199,5DEH2TAi6WP2nNpiZwJoSjc2x8kNx8yi7LsTKhh4Nj1xatxe
perf_toaddress_1200,5ExbS7o8CxwgPxika7wNDDihBL3U3Rvv32UCbeUg7wkFqtYr
perf_toaddress_1201,5G32TZG6S2gxoyuJ4GauxYQNRV7KrGrXB2mYeyVFDBKVSk2N
perf_toaddress_1202,5FWN8iqjGheJdEuge4qSxnFX499MN68wqDX7hwT1rK6BEfPo
perf_toaddress_1203,5F8e47spGqcRGxA8JbAiTGThA1v8pBDgDyPRmrAbQ4oGQV73
perf_toaddress_1204,5EEqUzhCPaUEY2j4aXwzHkZydCZoetfmYuv9NmPWjf1RYURU
perf_toaddress_1205,5GvQxdArK4XjGeAkisreVPzm5uykiPs4gEkLNHpG3v6muGbv
perf_toaddress_1206,5FLDWLzW2t8M6T69y4VXDGFBgCjZVxf3FpnH5hYuxDkimoKn
perf_toaddress_1207,5FT3upgTjSf1bEdCtVsCeo6Kc2uTgME3Yt96v36cCDRBRqZd
perf_toaddress_1208,5CXLzBxqMDqzamHtPTw9BzpcjmEg7J7oghZZQuMkxboDoamj
perf_toaddress_1209,5Et5biNhA4ZdDWY1XuTCu3VEAiwuDtutCGMVBDHpcEFnD6CE
perf_toaddress_1210,5FLpP3EDtbSxy3m1tfUkzdC5KyfmQ19LFFUHYgiSJMWAHad9
perf_toaddress_1211,5EyvZ9AuKJrjHc8PxEAWEuvi4PrGbb5Guiq4bK24BXJY6agx
perf_toaddress_1212,5FSxqMSW1QkRmyzFE91RBNzA4PEgHwWNqMC925CvVCwTND2o
perf_toaddress_1213,5FraJGQmaoZAx2MAQjQRz7Hs9RXYEDCRZz5daQ6AJRxtSKtc
perf_toaddress_1214,5Ejah2si2P5e8cnQCa4YgFFSpcvM4dptQj6YMVSB2k9xeFvb
perf_toaddress_1215,5HGumsBjLaSab1eT5sGJqhKtbNdndrKpDq29ZSX34H3ukuD5
perf_toaddress_1216,5DRfDctWzVjkboMcEUyZnVc4Mu6cXhyL4wAfNuHn4gGPsbJn
perf_toaddress_1217,5HpLqP1b85JAKPVaXh9ziWi7p6HwbKuR2stC2KSuwiqcmdzH
perf_toaddress_1218,5Gteo4G9q9K9ejiYvKmbifepxEBZTScA3RSnBXqq5Ew5e86i
perf_toaddress_1219,5D9yZnK4WRNoWo7jPxLzySB2GQP6qaHtF73wVCnQ7mBKcusC
perf_toaddress_1220,5CgKDVfpQtiYCk33hmZWQ7MVp1H5pcDf2FRXPwQg5NLRZxr7
perf_toaddress_1221,5GP4Hx4xiJ95ph3yJEVKpCr9pEN9RGmLWWytPHfLQk9XJGCv
perf_toaddress_1222,5ERmh1gZMcBuv5CVMhyq9uSR9tk5kuZLhT5CNG7ErEk6NAp1
perf_toaddress_1223,5CTPFdowhnvkG5WLzXyxZCJSavLyqZKdM9iLELi7SC1FBXtZ
perf_toaddress_1224,5Hi4D6MsSCRPZN872Dazg3UWdwysEyn5TzvC84qUxxr9XR7U
perf_toaddress_1225,5FjQrR4ZQ6j7hAZ26TkSfgmwBPvQpKKvoHJyb2KqvucqfRBT
perf_toaddress_1226,5C68UssLXjg1pXk7wcn1iaE7gdjdLZf1GCPTwvpnfrXF2HBB
perf_toaddress_1227,5DjnS8KYRrs4qi1VGtXf9PWAX4GJxxKWycm1AZZmJiXn9t4j
perf_toaddress_1228,5CqHVYZuZDmn4KZimAkkj3G3YZ2aDHPZgD6fNuxXV55DfvPm
perf_toaddress_1229,5ChfeMVykMp3Ppt8twRtrsCDZqHTFQYRPG4fT4MdVAzMbQm8
perf_toaddress_1230,5HSqHU7cf3oA8VXdRRjn8ioEQX1t3fXp8pUdqDdUdTS7eKk5
perf_toaddress_1231,5CFMsWStcEjgD9xhvx8qa39Uk4QHqiCTbo8FkehumwsYhoGt
perf_toaddress_1232,5GwNtkYqHguvFmT7ARgp4RAWtoSyAXejcUN93CxTKZp8h4sa
perf_toaddress_1233,5HocNaeWnJLnWgbuigYdCbXFrcma94FMWHZPRKt8TnehNUw9
perf_toaddress_1234,5FPRkhsNcmbZJqoS2to59pQkZG3G6QzkwMdFdHaNCVzAZ7Jr
perf_toaddress_1235,5HUqu3tZfKos1FFsSptunh5nY33roXeiBgqR7ruf3jSEpcgG
perf_toaddress_1236,5EvbBaPQK2QRsQwiTtxY2gSaQN8roybUyyZhLK1o8E1qWVif
perf_toaddress_1237,5EJDMhP4Q2MHEpVB8aPxjgnZYccWawyYGacjPSBLHToJjZv1
perf_toaddress_1238,5Ejw2wQt68gVHLFAzB3J8H2JEZDL2nK7hmSbqs2RwHg3kMZA
perf_toaddress_1239,5Hb6Z468BiE3X5rakLVd7FmgZNWtfRBMTRwYW4wcjAzu1WBr
perf_toaddress_1240,5DK6kBYi5eZgxi53euvu2Y3bWZaRVDVZ6zdNCbVwpkoJAjuk
perf_toaddress_1241,5ECRi7ir1zGBpP2vbAnr9YqY29ZzskSQAdfz4kJ6rk5fdgQT
perf_toaddress_1242,5D2Zkp8rFwufbZocqPT9BfciocQCtfAhGFCdFjhFPXzPTpWc
perf_toaddress_1243,5GheiMH3nrFi7nU47hZZSpW2XcYddwSAqCdFeBXj3PZWdL63
perf_toaddress_1244,5FsrN7zNqS5S4oxRLZdEkC7zTDUHAoVrrupDNukRKoQtqYQ6
perf_toaddress_1245,5DHiqqeqoDkuBAr3fPNBDVZdUZDLBX7ybuJTr9NuC4vFdS73
perf_toaddress_1246,5DnH27sPL9okapXYMAmJmFUFGyB49oZhHuAQ4PZW1CyUop4x
perf_toaddress_1247,5EfeA4WriVhVRPVaxJHKCDK3YkXzNTHE1tX8avTYNTodhEU6
perf_toaddress_1248,5CeBrQQGzZYCLenbfWoGzEhtMDqbgrhEWpNLtbFzWCAVgRW7
perf_toaddress_1249,5GGCwj94wR6HAmP6zMdY599np9wkaMarJHQRHV1Y7MdmMfHg
perf_toaddress_1250,5HbiBNN4GAof1LGHSseGUp4jawbEU9BtCJNFpsySmGxzmKy1
perf_toaddress_1251,5DER9rqunH2pWmTkjrtM3gN4psBDV1GNNxeQYbHRbR2hioH8
perf_toaddress_1252,5Cx3Bm7Kef4JEZgKiC2DugaHKDsUm83GybS8cxjSHT5Br9eh
perf_toaddress_1253,5CZh6uU8otnv3QEJczKWFtLH7rhxTZwnKyDWCLoED4oV76Ha
perf_toaddress_1254,5GyJptxeeth28PFQeeKjGbtrToxFq4SvcbD5e6UaJSoecToF
perf_toaddress_1255,5FLEs2f63TV1TuvZAvMQxpd3brYWoMrHKwi6jD8E55niUAA2
perf_toaddress_1256,5FJJ1btNuoef7A4vHaGu6qnVUYMwVX9wtxTv5QQUdoqBn2Q2
perf_toaddress_1257,5Er6u9g2SEYArs8YWsSPBt8h1dAoKxwuS2tdbKwaVuPpTUKp
perf_toaddress_1258,5Fp8h87Ge1fGTXgDViKNCmH4BvVtBiwY6gmMQJHKLeDPTNKP
perf_toaddress_1259,5DY8amZhBFMopM4GhH3R1d9k5Y7aYstDxvDg8eh6ar3BkqWy
perf_toaddress_1260,5HdcgKps6HZvrTMWsUPCk1eWFKgTbw9LNyqUKoLnvVAR7j77
perf_toaddress_1261,5G6WkC8359rHyWzcbXqyottbh4s7XvWmPNjrjCNeKpiRfmfp
perf_toaddress_1262,5Gt3SekYGNjvArHDmjFfP1nBzsxzZ9KRTJxRj5tDdSTJ22QS
perf_toaddress_1263,5GTF2g47BYyocuryGudji5wZohhQiGpyVMNkkhGAb93iosxo
perf_toaddress_1264,5DPCEkDNsuryFKhSsLuhPkNDGQMRg2rQQqP6QfFRTz1JJ9ev
perf_toaddress_1265,5EeSprT1c3ZYUQuXWV9xeuzDXspMMYRx6u6TkjuBXy7uGgio
perf_toaddress_1266,5CYPWmWr7KspzFR6xubzgDqV2gRWZHtUKngSfQ1vH819GkE4
perf_toaddress_1267,5GfHFyGLV8jrM8Pt3Z2n842oY3yo4mJKSZXzA4TozzuWMM4d
perf_toaddress_1268,5DDMzsEqpfnz4bJs9LwXc2RCkzS28qz41SkamWcDApFkhSyj
perf_toaddress_1269,5CBBse9bnihk61NTKp1YjbAQj78M9BXTDAtWNLQTq288tP73
perf_toaddress_1270,5FkSDX6u77p5JGgupGUcS8HYFwPbcaAiRGu59876NG3bC4oA
perf_toaddress_1271,5CpZD6MkwQuyYgoXL5yUPzGvb537naH415nCx9RaRpanpEfV
perf_toaddress_1272,5FxbWFKVGJKbAbHeiYmFUcKJZ8yahmjAhDZYmaNVAMvvo2Uw
perf_toaddress_1273,5DNtuFdQBy3q3hazLLmrCSepDDZpmiHXueZkVi91DkEf2kbG
perf_toaddress_1274,5DdWmTEoeCFLwWyDoUfLRPyJCdNSpCB4v9A7LtepYgMaX6hq
perf_toaddress_1275,5EWfPyrVoEt1yk8sVcWwWDsBR1FFSVAjN2xAnzg1UeRkdSet
perf_toaddress_1276,5D3a2YPH4NVdJAkF7rRCMw8wmf3dAZ9KEsiKPHGTQikDSgfc
perf_toaddress_1277,5HMbQptzoNULBEcW6h2EarjnywtZF8yDFrZRTir6jDeLKBYr
perf_toaddress_1278,5FeEmdKvzCPJq8j2nynfqN1izEmoC4zzYtBZfuSefwGrLSqt
perf_toaddress_1279,5C96ouPfjcL5SmNywtwn4xmPLZfYpumM2iPEVedK6Fi8U31p
perf_toaddress_1280,5CL8h5igk5Krdn3zvzZfeD6Tq1HVAMCwcvcVDjSR4qyP7WgU
perf_toaddress_1281,5HiPwAR8XcrjMS7EurrBtsk768cMwfCHYiJa2pBtpzRAZB1b
perf_toaddress_1282,5EUC8xKvAZq5qY7EWxFVdhBCyHe7jo4APsxXLTAqLD9ZLtoN
perf_toaddress_1283,5GB2zMa3vqFpQMZkVspN8UjfBFPQiCBgjFyThBZgn9iZpXca
perf_toaddress_1284,5DGsWLhnTcV9s5hPk2at61zNt4iZN4KwxYdDBbtjf43QDaz3
perf_toaddress_1285,5CWiq6YmxrneJWqmrFp74mE4vTrATabAGU2idfLo4bmH2VMT
perf_toaddress_1286,5G7DWmmJh6Ae7YVntTxKdDkb3UZ6DpbsXbwtrAwSursGkMU7
perf_toaddress_1287,5Gpk1EBSC3KUrZc8rR3JYCZUm8h8wSD7m26pGK3mQv8Xur5u
perf_toaddress_1288,5G937E5jULMGqFG7maaa554NG4ryHW53ZfwjcHaaigBeBT1J
perf_toaddress_1289,5ELAmV986WZ8Tw2nEXtRsrgg2eyTT9B1j9TAr91apxY7B8of
perf_toaddress_1290,5HHm3rVXxVucANP8BcAG59vfAfRAPZxFkW5XpehfdtVGpbWs
perf_toaddress_1291,5DcJNXQXRXRXBxMpnGED4ifue3G6qyqSgKZT8NGt4DJqgVwR
perf_toaddress_1292,5Cbdy9yudj94wqZ9DQGxczh3fECem3DJzsQPTXhptnJGqMbT
perf_toaddress_1293,5EdwxicoEVAmqM5y4eRY9ytR63NGbV5K4HYWsuBrXDkCZ358
perf_toaddress_1294,5F1GTs98nT72tMti1hcFpvojxD5CzF7m8qDqmzpcxKgrf6ro
perf_toaddress_1295,5F2Y1hZhWw1mBGAJRT1JRRyDpvb9aebdDyW95xB53raUypHV
perf_toaddress_1296,5Dz9d2poVCZS7t7U1zKGpoi5fPiap4MToaRubfGogJNnfsrD
perf_toaddress_1297,5DrkbY9CmJi7PPJstQX9u22Enp2CMjZax3J4RLKVczgh4qGe
perf_toaddress_1298,5DyLJnqTSjXgKdBuTeDLDbsTHGF6zRTC781Cy7M7HTYALKVj
perf_toaddress_1299,5CKvPeXdFjHdck1YQiUJoosAan3BruHR73wjvMQdkvXnARBM
perf_toaddress_1300,5DpD375ZXaf5oQXZhfyJc5pYxpYP6J2YF1pEiqiUHf5sBtxo
perf_toaddress_1301,5GYMyjVwG2yoJG54YXAbPE1gNfs3ACe57CqnTHRuzJ4jV8Nh
perf_toaddress_1302,5HkfRjgoPYjLQkYvPWr1GxUrNexssqSyoBYV9uXkeSHJ4wbr
perf_toaddress_1303,5HouswF6krnGRc5hVXVxbyUfa6Nuns84HYBwAP4EGnq8zKd7
perf_toaddress_1304,5EWmMKMQJuULWRvYe9tpJzLWiynQfjFVJcrd8iskAaxPGsVs
perf_toaddress_1305,5FaxcuXY133x2gfy1isfVoHGaKKLjM7dNtdXneX7wTmyJym1
perf_toaddress_1306,5E51auYnqhE9dw171Ltri5yi7SGgjrCKWcVtaUnFbj2BTgxC
perf_toaddress_1307,5CG4gKa9GMga7nTQWwV8UN53jbRiiu544EUKrhmn2sqbV7CN
perf_toaddress_1308,5GPRByqSmn2ZGCjq21MVMTyTWSThve5VeiDq54ZtCCxdsGL8
perf_toaddress_1309,5GR8LqZU87dEP2WJVt2ZYX6afgg1KFFWidZiTwZibjKvjsAZ
perf_toaddress_1310,5CmabFtDfMiAFgNzE4RVGDKD3LZXmRo6JRHtx2SzEauGrU1U
perf_toaddress_1311,5F9cNZXXxGRs3zDWMkVn8bqUzDsoE1ZgtxVcuRgVbaTEftd9
perf_toaddress_1312,5EdQT1MDmhCMr3mQ1DVcfeAXQDMAeuDBN1hKJ9UoQKDE3HP5
perf_toaddress_1313,5HoQAedaKcZkQgRbqQhsn9NvLCSrSFf7Ahj4xpXgKdFDjbwS
perf_toaddress_1314,5Evyt2m1h9TwQL5b24dvntLDaM6k4eqyx98Z2LRm4mcYZdEU
perf_toaddress_1315,5GYwGqtf8LZNpLse5PtDJKrhdfPg6BrKtTukTBP6oySKwd5C
perf_toaddress_1316,5EVsTWWVCYxDjBgHypRTSX61vFg6ixaKXVjAJYSSjBTzytN2
perf_toaddress_1317,5HiETHNCZFZ4AqQwqHzXFLUt7ZKH4W1UPt1BzTf63mPEU6WJ
perf_toaddress_1318,5HXZaexGre96JacCgn9PQr2EM1TYUC6QRpCcyA5Fy9j4nCbF
perf_toaddress_1319,5GbKpemQoaZqWg4bLehP8271a8uEsZN3TDAr6G4zDwRoCEaj
perf_toaddress_1320,5DJKVUTAW9Vt7btxNpGprXh2AhHfCKsAzNngJy1dE1GLLeLi
perf_toaddress_1321,5Dwk6DPDfGkQAf7RAzid4oVC7e4MgzaDzu7sPcfSxR3MjpZz
perf_toaddress_1322,5GQpbuEsZeHLxFmmSQg5uTLGnhe8AhTFsCohsSEeGGSLNfq3
perf_toaddress_1323,5CiRETQcVf58zUsehfZnHG2m5rt2BkcphYNccmQsQiQDXRcX
perf_toaddress_1324,5HVoCUSRZHLntgWZXYgL7wZEUU6gZFiWfPCHjU35fkKVkhmj
perf_toaddress_1325,5DDpygMei2VJDrAG42Yb6NzHfWYYtwVWTosKjYb4chypjzLP
perf_toaddress_1326,5C71wH4V7fy1RC6riLnQSeZRQy1QvesbHjnts8PS63zt78Hc
perf_toaddress_1327,5HBsn4EqhNgeqssdj8pcWSiNJ1t9ZTW9SgVCf2gPYjErHGpf
perf_toaddress_1328,5C5465eexpjQ9M4Bd8M3Lqtd1x8yF1nWjfNJYvgUNGpQjfQq
perf_toaddress_1329,5HY3VttWkuHhDNEyZ2UkoRPXB5pib4G8BnanutcDqfZhvhMy
perf_toaddress_1330,5CzjK4z8TWhN7v6LEtHsfH6iL7AkYMqZgLWJ5nhGExzDXn8V
perf_toaddress_1331,5HbTdJEgJkR3ntmYFBmiasQ45pQzfxc7onocxGjqSdDB8qtA
perf_toaddress_1332,5FZPVFke68xAqGD7Mi9XCLapWRU7v2XDQtZr9Kio1bxHefMt
perf_toaddress_1333,5EqMiGUXnfhL8surnEq3EFBAzv2rJ9zKwX9HBsXHnCukEhsT
perf_toaddress_1334,5FcGuS3u6Hu6wWCPTZGgv7U4fMJxcC3JLk21FUAd5kZUxSAQ
perf_toaddress_1335,5EQBv4LhEBc4BVRcYJ3xB9JXf7CzugS96dYgUWTVkpmTKvE3
perf_toaddress_1336,5HZUM8LyWqicGKojaHFauM3jmLJcFEiyhpXVUk1HSJvkivEu
perf_toaddress_1337,5Dq6ar2wnaasdm8LU5qXfVJ4fTbyKczp8vejejxDT5d8ERyb
perf_toaddress_1338,5Cr2E35TMST1BwSsW59SdWZYr7K13cx6GhP2SWKoJVg2P4rB
perf_toaddress_1339,5DLru3Rv6VQVBVYshq7Na9c3pfZrnCHoW1inzeGUBwTqfcNU
perf_toaddress_1340,5DK9uTgtKZB3XL5n7LMY1yXRSKQtZgGc7UrT1WaeTz11XSVh
perf_toaddress_1341,5HeFrryLcBdHMi7NCxfMkybWSnMuC4U24RLre8sseWDhXs4x
perf_toaddress_1342,5E8HWiEKFiAi5pPhBE6frqkHE4enmn7sAmdB6aNsZWdPWytj
perf_toaddress_1343,5FMvdqZYNU2gsiWF9UDEE8gzi9VBzzmYDe8tuvQXMpaoH11y
perf_toaddress_1344,5DtTXHzk59GpyuM49cwpEvgXzrrTm2h3VjUeQFiHCBapHK9D
perf_toaddress_1345,5CTfrbioFYYEFhCUvHLVL8PyfHBAb5xoTL86LMrv52Xmwvkr
perf_toaddress_1346,5CpFoxZferwyeC7Sb3Gpcdkd1WgaEmoaMDeDw3bLoyWR3iDg
perf_toaddress_1347,5HFS2Z9E8uNHgcRvbBWiiMj1oNt1am9feH9JHB7NnbUgvNCw
perf_toaddress_1348,5D5GZYN9shsAJp23X5SP9YyE5ALaqy3M6QPeDSK8NoABv1Te
perf_toaddress_1349,5FhnfgJYo2fgNpvcdbY4K6yCb9eUYDPJHvHWBEEsTRX14yDz
perf_toaddress_1350,5HVNYBNyRpChT4G4ZhdGM3soLHdEZ9H3BRhUp8VtQU9f3QhE
perf_toaddress_1351,5C7jpuM7mrR5xkuhyPw51Pyo5sW4zKfVCdp52tia3SL8RD5Z
perf_toaddress_1352,5Hnv5fnb9FgGN2FgLN8v1zfGheZXRYcRkiqjA8Q9LaBiFdN4
perf_toaddress_1353,5HHf2jD86hduWTTewv9bFuMUdTs9dDcVHdoYNm8sqA5Vdc3v
perf_toaddress_1354,5CTXrTdCHxCQ2ouD4zJ5yw7QNVstrnS8McxDCqA8tRs6PFpn
perf_toaddress_1355,5DBy3c8367HKZVjpoKWrLRC8moKRYAr4XVjHGcfMvN7sXyhC
perf_toaddress_1356,5ECUNtYjsw9BDXNmeMswp4n4No7vxJxqZuxhS1UyYLkjzodT
perf_toaddress_1357,5Cy1Jo4JZhZaykpDdgbBPnsVoA1QaVZ3dDo6AJFwb6nqmrhH
perf_toaddress_1358,5CZRC8fJZTE99D3GnfAaHaQUc7siESppfMZ6m1xho2NKBbmx
perf_toaddress_1359,5HTuBf36jEh9GxQkmievKwNcBUPXgv7LZCetoCvgzkdjYyTZ
perf_toaddress_1360,5DDhnoDJ5RiGKfpm8W9Mhesy2xLcKDPEve7LA3vLRSmNgqAd
perf_toaddress_1361,5FS5nLZDq8ku5KLmMw91bikQVoe4NqPafZ5u6ANHR82aChsR
perf_toaddress_1362,5HTpAo9oqPv45dtnZXzXD29VwBB6CagLXoUb8V82STJ8DPd7
perf_toaddress_1363,5E4Q9JFbYPKFCxofduA6ApbqRVv6GZx2FYu92Q2MM3AKFkCn
perf_toaddress_1364,5CYG5JsEL9pD4FfGvzC3TSM1YDomMbmQGoeQF5Uw7Xxiqkgz
perf_toaddress_1365,5DV95s2uPYds9BFgYG4TzUaNXdPNBT6e817xwWFhPyVpkrRj
perf_toaddress_1366,5F8yyZKJUGCg2cTm1SwMki5qXBX95kBE85Vas1wvbmRayJ8w
perf_toaddress_1367,5CXHXSumb3pbfYGqUUQUZDW4iCa7eMM12eAwbEePWfhCZSWd
perf_toaddress_1368,5F29woYK8NCPyYyFzkpxVu9o4bPvnCWPP88NzozwkTgNe4Kx
perf_toaddress_1369,5ECLJzTdt8tPwULhrHyStuc4PcfZ1R4coYpjZBDtDDuw9yWr
perf_toaddress_1370,5H9ekVpNdMA7pMLbaDhHMJvVQjUABzdMi3rfvkcbf5iDcZDP
perf_toaddress_1371,5GHXsdnS5To4V3PRF65MRGZAk4oQ9FwjSfs2F1Riq7yhQ8RX
perf_toaddress_1372,5Dwq7bdwRdjCJCsS4E6ixo7eSVWM6QvkuXTzb8gpbARsUNFw
perf_toaddress_1373,5GKw1NmoFQzvcniJ9vrD5T1UeZep3oc1PR7CZpZNkuJkwqfd
perf_toaddress_1374,5EbgEew2GVwmSji94KXZasVSPTm36rpCkaATS1DR7wWctRJL
perf_toaddress_1375,5GEBcbn5ea2nep9tvAVabZL9PUNvixLycjR7qyNfDkqDQ5aC
perf_toaddress_1376,5H3uhJWgNrz3VJ7viVTBtUbSfw78qzaYVYj3onTHDN6u7pSr
perf_toaddress_1377,5F3tcNWrCJfKciQP9SJRPYuApx45W32ARLtzCSnuyNUJZz71
perf_toaddress_1378,5F8iVKf25eWGikAyv1WXxcXwByq1GnBDWCeBCM4n8CffzadW
perf_toaddress_1379,5G7Gecgaya2pa6ohM2hKXaGSZDut32Ye9LCNLAjgQPZoV914
perf_toaddress_1380,5DoqGzivXji19FGRReh1NG3TQXnituF8NRCB1HoSCw3xXNMt
perf_toaddress_1381,5DyfjqiGr1p8Vd5TSQicSHV8qX4fgbte2vYGzKiMoe8jVqXM
perf_toaddress_1382,5EoWTov8MiP8EiHC1uVWK5KFu25KHAx315tecRdoe4gGeXMZ
perf_toaddress_1383,5FfTsybcv64Yx7iQcNeLbbTophapZKGHXtBJvKDXQZpAEav3
perf_toaddress_1384,5FtrgUa1YLJDt9zLXMnz5L9nRsGdB4KFQQaT9Y6FPUtyMHgU
perf_toaddress_1385,5Fe1d5DmEWH4Tr7BHMTQ1rDMNjcD7vckX9JvV3yahk5vKxiu
perf_toaddress_1386,5Gyb8QjTbJaQCm6qfeR7anbPHFryEiwt2zmVq4Xujf676Zt2
perf_toaddress_1387,5DUEb8jXvAzfwbrsqGJBW8qS2WDrDJRfJMDLDNFGHyoQrobW
perf_toaddress_1388,5G3ev6faNP4ADtP2pUbMYKVRVsrrEQ7RQXWYqKvfAA3V9Ax5
perf_toaddress_1389,5F1MqcaDKKEp2VZu6hovWBEft9Q2eFxzgg8Jaw6diJm7XMDH
perf_toaddress_1390,5FjH7rQ828azr9LAa6UHGHd3r5ptYJVe3bip4M66LpANZVU1
perf_toaddress_1391,5Gv88vuBqRtArSGgVKcLGf5fs95baUsdF5SzCwEjh5vNa82q
perf_toaddress_1392,5EBUV7ge4YcEUrybRHRgJbzAzUiWBWrDxm2BsjnuLFatXvpo
perf_toaddress_1393,5E95tqqLFFgKpTR7nG5iNSEA8WgvaEdkx28uk1S2meHxi89A
perf_toaddress_1394,5C7yHMkRwpu8iUTHn5RS3TE7iYmCXa1oP7aNLRDaz2ax3vtm
perf_toaddress_1395,5CVwJFnqAs7KZ2ZiZTqEiU2bELLgP7yf2j2hgCXDpmZs23CK
perf_toaddress_1396,5D9HCN356GNBq2gBE5LYg6oWm64DEVQC7hxJizBoTT4bWJch
perf_toaddress_1397,5F9ztoWJVUpEb2xkhFMoJyG59ZJ6mupCkLjeBKyYiCedLHdn
perf_toaddress_1398,5CPUKqyJozH7ZcyXjUKpS1Ve7BccKaTbLsrpEyDRW1WMqw33
perf_toaddress_1399,5HBtjCoQyCxcXA3Bh5NTYh9ZmF6gnP3znMawdW9HisxJZfWM
perf_toaddress_1400,5DJvQBMZXeKW4xuN61troV8bBh7Fc2Q7e1rWLs9XETvApajm
perf_toaddress_1401,5GfLaLpnyYjo5YJxaXuq9kXgLiurnxrHoc8K2bBqiggpdP9t
perf_toaddress_1402,5CAhnb5Xp9SgG3BuQdabm31cPCywPDN78Lqk6uWQk6fNRpSH
perf_toaddress_1403,5HXmUG6ihgeqhCNUVpmrfYf4Fkvey8VQjcNtmiShBSg6hPgT
perf_toaddress_1404,5EqBdHwBNwKQ5ALuF3UWx6kcqwqgSCYYpbY3uTn6Cc37dVxA
perf_toaddress_1405,5GdzQWeiquWrhZF3o7QWCcm52YTe8DBx3VPvTeViEMfu48Ad
perf_toaddress_1406,5CDijrJvXzuL5Dj8gK9nBkTJLXEXctnABSVKjxzHA9ABSfu9
perf_toaddress_1407,5Dx6Pdw4o6MPJujiKhAfcBKK7v7ZLj7FPe32qNnoUe5Mfa3J
perf_toaddress_1408,5CUX3Hou26kQAqWvPXuz3rZxTJKPKch8KTiZgPCrYEerZeDn
perf_toaddress_1409,5FWEA3j3P1KM8LCSfh9pgsCkyuywNfU2SChrV8wfgJhaKwuG
perf_toaddress_1410,5EkqmXgwJQ18UrBurjW2QnT4DhMqtPriTm6umkj2hcC1NHAj
perf_toaddress_1411,5HdXZDsEsZqLR5HDc3tD8TuNqK3GrnZgsuDHZ5ztGcr5LKXU
perf_toaddress_1412,5DuzdWL6FgL1w2usUJ9gswApSkff9z5dxQj1qr9sN6K1ghEL
perf_toaddress_1413,5G1RnSLB2sHugJwxqCbdrGQk5hDko4zUzWwrYFpPxKTpo19y
perf_toaddress_1414,5FWB7TYirdXXbBd5xy9hBnAeic23RfYXJFyr3htvT5utMzjy
perf_toaddress_1415,5F5wtSGe7pWy6ENv48dneAyA5cQxgCvYvQ2xYR8GPXizxJKE
perf_toaddress_1416,5CRLV24C9vYGbCLWpePzwhPDEmGkqkSzCDDnjEAp3D3LAeqk
perf_toaddress_1417,5GUMPoigrC4aEiQSSkLzA9FxxWYbDePifbQcaZoe5UXe6QzA
perf_toaddress_1418,5FEVs3Gq7vciyDYEosaHhuBtEi8a691UBSFAzSVvmfJf6Pdo
perf_toaddress_1419,5H924PYjhu7qzDWKhui3L7a5UAy1eK588MFTRG1QL8SLpQJk
perf_toaddress_1420,5GWqvd1gJyqe2pm9BmmxRVvzEpvsgEVMio7qv3r9PvhBZwi5
perf_toaddress_1421,5HpDZvuqLVp5fc2kLVGwqHbeGjsMxy1ULk2c6rekP5ztWyrJ
perf_toaddress_1422,5EnzuLN5PMLNvD93pctGoYnhou8NgM6hCVdroM9Y33HugMhQ
perf_toaddress_1423,5HLGdGuBweE5qVntRjgnF97avQAck5je22ZgTByUWR32mfxm
perf_toaddress_1424,5E5ocSWob3LV1s6PAoA1PUhwvBQmXPqBRd9ntjkvep7rmCYa
perf_toaddress_1425,5FbL16CT9Kp3sjKHrCrtBAd31YrjvYec3WcQ3AjYasJZrE9S
perf_toaddress_1426,5D5ugd4NETca3N8C1BmWoGcUFeZ5eU6K3ZKBnB8dB2CWsB4t
perf_toaddress_1427,5CJhUcTwReSGaTwtUriHpdXSTB8PBJ2Ah7tAqEaGPdhtoqFb
perf_toaddress_1428,5G5pfJqa11wpmdcRdQqe6nF5yKvwyjMzgCy36cod5cZ5h3wN
perf_toaddress_1429,5FNNvJK7iULtwhRNDNF1SHguWJUfjh9Yf4kYc5j6Co3GFJD6
perf_toaddress_1430,5HLhUyCTzkRXzvDpKEMi6A5KjAWptpUnNtaCfwh7ZMfKLpnS
perf_toaddress_1431,5EpGZa729KPk4BJWZLQDDnPjvfDjn5Q5A7PFJGeh8hCT1Bwk
perf_toaddress_1432,5DPMohpQySCzUecNK9iC5WYqwQBPMPGeDTUKJjZM4D8Pcdj8
perf_toaddress_1433,5FX1Kv1b3XjUwts2A1JcAeuaemH3Sfu295Wmx18rKturyjMv
perf_toaddress_1434,5GeBt4vSQD5X1CmK2d9JAXYpFoqoReAQkGS1kt72iTqCVfyp
perf_toaddress_1435,5Ev8jtotSr5M6sXiTeQpLH9UJkbpDpw3TarNAd7cFhsZpYjD
perf_toaddress_1436,5Ft4uQ4Pt2DDXhkABCfkemR1m1nvVTz5RwqM5oEbJxMHMJD7
perf_toaddress_1437,5CvriLpu6sKZs1HanCnkNM2qKwRVmr2MasmsNnAqkHZ8gHPG
perf_toaddress_1438,5HHo7HdD1ftx2php9xX52btfWqtTww343xUhJaRiwcdLHNAF
perf_toaddress_1439,5CurLLdPqebaxdwVctAaeS4T3neLVB2425LRchWU6eqErWWo
perf_toaddress_1440,5DZw3YUNjqoQStwkWxufDyCRuxvFZidPogSwip16uKmU6z5L
perf_toaddress_1441,5EAD1YbDAFfqVx5JvepqvJxo5eX7NQ4VA2nbWrMyisvDn2yi
perf_toaddress_1442,5EyefHZRmM4wtS4gpcQyigpdKnQFWKGjrqTx1WQLZ1TEGYpd
perf_toaddress_1443,5CVj4UoAFEyDJQbKLpyvREafdH7nDgKxMLWdN8fzjkYLjh2d
perf_toaddress_1444,5FCoQ3QWWa2w3dwr9VjvMfEMduQk8z9fD8hn576nXcGdMhW1
perf_toaddress_1445,5ExuGd4PXVbyLpbNUkLB3EEVtUszRdczDk7Bmdmgf3nMfzpi
perf_toaddress_1446,5EXUCkAGAqC7rVCtUsfQ44PVxKbDwMFv7iDMDFaHsKwCcwic
perf_toaddress_1447,5H3qTexB25QAwn2WSdL8obUewCrTaQRhHeMYQmjB5TgQ9v6J
perf_toaddress_1448,5FFAuTuQiy8mSung2ih8xPopuCtVq6i47nKTotVnrPCdTHws
perf_toaddress_1449,5HajLuRGuCULYZGhbbb1VNSJjdPu4NJG5M76CkvDsFB2VMmN
perf_toaddress_1450,5DY1cgyFN5k1jcaB6U5cMjW56sj9zU14pFitvzuKBTmdf8JL
perf_toaddress_1451,5EN7vvMW4TtLvw9tTUHyXEYKXFknWWGZenXWwiXNTEVtbDYV
perf_toaddress_1452,5DpXREBzHQ1u9ysjvB7aLrTU9ttrbfT1YYyhgwgCMzZkkwdF
perf_toaddress_1453,5FwoFRS2uycf5duKfk6QN7h8rRQZ52jgtRQ67gFK1fkjJcTw
perf_toaddress_1454,5EWnAxHqfsEfPDi1QJ9vfzyejync8KafofbDsMJ2S1CL3Z3a
perf_toaddress_1455,5DCZtVkcs3BBurMZKpf7KyLXGbovUxVVL33WK4x7LP9RfPJ6
perf_toaddress_1456,5CRHb2jgVajq92LwPh6xbscQNinirQBrnCBmAA2V8N84Dcze
perf_toaddress_1457,5HducUKTNbQP6sHDs2yoa27eFCK38mzC5rpqiAMYN9NJfitM
perf_toaddress_1458,5E8WWDnfigKKMgbad6V3d4AdDbqMfMZCpbrQ4uSQqtAMBycZ
perf_toaddress_1459,5Dk54mteDZWZTdaNuiJJGzyFPc2K7Th5JSJYWTrCY1sjehs1
perf_toaddress_1460,5CgpwAaWRigXrbN1R3No5vwadRx9L3fshSPNU9jJFaMbACgT
perf_toaddress_1461,5EwHX99ykNPDMx7YmDJdjw9pSY2edWk6kKdLVvfzgkhf8zTK
perf_toaddress_1462,5HmDJQqofWM87QTXgMYuZYC685zZH32vxTofYLS6jmkmX7sJ
perf_toaddress_1463,5GmA7v1iNTscwaJ6tQewWLQEb9zBKTNY4unftAR263RLck3P
perf_toaddress_1464,5GWwaUdhEdKXTZizxs6MYnaC3HFRoP3HPjMTh3LwUjupocmu
perf_toaddress_1465,5FfpJ7APL73YkSnMicyVjTm2WJMATFRD5zCB7MqYQXQLUJwE
perf_toaddress_1466,5FnK8pWgroFxPvb4zayoqSHr5do4RDLbvYaBYCZir8vG5LyU
perf_toaddress_1467,5EhUXvMw6F7pzR2WVy7CZji75VQDzGzcB8koDKdQAvLYNpi8
perf_toaddress_1468,5EYRgQs3kHETxL1pPLFP1VDZJkM7xEWxBJsK5mg6hSowvwHQ
perf_toaddress_1469,5HYgQbPajQZD9brPcBYLgE7YDPM2zyVvBpgJwzWasaqnGAHU
perf_toaddress_1470,5DuWbZKzcHyLkvJBxAQA5BasMDEzFW9pa5tK8Dkcug9WH8rA
perf_toaddress_1471,5E35m5vV4e9tRMxa6KBAMaMQPXWf3BA22xV4PmvGrRwW1fBM
perf_toaddress_1472,5EDMnNwrqJWR6jpoMvHAmuzTUTcFs4MZeE8122YsWtHvVAF9
perf_toaddress_1473,5FsBnUz55UqKwE2Ht1KaX1KNMxsuYaR7cjvrFMuqbHkuvbTH
perf_toaddress_1474,5ESPmhWeKjbhxFW2H6fYuZNAF3BoGZ2uexZHsQbZCNb1KvBR
perf_toaddress_1475,5E7tRZ8dfaGJ3j8b3umRSKeLPEriXQmVWDDFFRrRKvnJ3w6N
perf_toaddress_1476,5DBSqEsiFu6UzVE2RzcBzzfJW9Att95wKyzyaZ5hEaKpoHzv
perf_toaddress_1477,5G3GQdQeHw9HvwxhoZTrwEwvWuo8Lkk4tn6cei8tmetdpBpN
perf_toaddress_1478,5H9QxeZUxAdBFhqKgwbEThraWFXuA2P1oZw92b52P1FAJKEZ
perf_toaddress_1479,5Fuk39w5Q2zTLcUDtP1JyRQ9Q4H8YHagw97scE33hTtbW6ub
perf_toaddress_1480,5CvzPdDup3Kosrc3m3V4KxhgHTfD8TnUD1FCUGgm2EjcKHqL
perf_toaddress_1481,5FwCh8BTsNCwnEsXZpcUddMbBL6m1DuxdwSYWbJAJL3bB78D
perf_toaddress_1482,5F4Amw12FJ1tQ8CHZ57PvCqQxZHkaBxpN16t9xKYmAJU22Ff
perf_toaddress_1483,5FqKdmc8vvqiEiNTXRSg2KCxF2Se28bPfub7wexR6uQayVeB
perf_toaddress_1484,5HY1PYibbcGNjzgeAauxE3pAjtUE5HgsM62uyNnqxQeneRSJ
perf_toaddress_1485,5FSAJbc9CXjngvSjYze98cBqX7fXmupsrvHFof5qNPDvQzLK
perf_toaddress_1486,5ET4yanA5tFkUYAQ7c5tijBH1GCEL8kMRhcTovRFqDeKgazt
perf_toaddress_1487,5HcveT1qnpmuRcUj1VZRxsyzzjxQNHwt9VReL5bxttrdmGzh
perf_toaddress_1488,5DTYnj7bxCW3BMqqUUZUUTwLv9D8u24tgGCjvCBqjUHkDK5d
perf_toaddress_1489,5FkfTGaZidRJaNgriG85qqp6YkGDh7nCFzFk6QAa6Nvcj5bu
perf_toaddress_1490,5GA7FxPCbLJayzPQS5WhpSwscqguyGPEgeusHw9TxoVNDKpC
perf_toaddress_1491,5EX1vL2yzwZdvhadj2nf4P54PModtbBN6uEJyfzWmNbZyBCi
perf_toaddress_1492,5DaE9v5WMmfCRwYoFgxpwyM2zm79jy5TCgbo78efBLvPhGQH
perf_toaddress_1493,5Dv7yWk34HJcEMWdyDJLEba46SgwEHdwDDDhYPKF2Mg8jiq8
perf_toaddress_1494,5DtBfUgkqBxSJWJcnp5VdmqbnZZzYYoe589ja9Z5wApr4cxo
perf_toaddress_1495,5GAKNMjUiLMZbqzHU73s2CfZVSKMSrmgCWDyphRsv12DXNhV
perf_toaddress_1496,5G98eeDz38aW5W1mmYLYVvaK1HMRg6zSN7Cdx1jXkE8LrvXa
perf_toaddress_1497,5HDYFfTmmrbigWqug7QxcWomHqzugYP2ZCpKZLVF3EvEfXMY
perf_toaddress_1498,5DFuW7fVEGA7JLjxeTtGSJUmmU91TByQSpUzCRjtqPUjP5Yf
perf_toaddress_1499,5Cf9ia6CPfAzdEMYULRzPWimkJCj2b6yfSPtmcjUJjP8BLfM
perf_toaddress_1500,5Gc6oaYwrYtRn7GV8MJiWrThnmKnr6QPooAEAUwvQTeaaUGk
perf_toaddress_1501,5Gw1WEtNFwtLWNUXK1Lm3YUyKSELYqV7ejBuUFVyrBs32syA
perf_toaddress_1502,5CJW4mwd5ZowtLHaSgBEzSbUkYz8qnq7gr3r8mzy2EtpH79U
perf_toaddress_1503,5EGMP5H9co1egiUM7pCubUn21GojTLADmLtq6F5MaSu55unF
perf_toaddress_1504,5G7ZtQmND5i5bMvweWhtrwjWG4R9oVdp1RCs8gVZnJ9e4Fpr
perf_toaddress_1505,5F9zHtG3fVMyayXbhZpseTD5985g9wgcYodj6YPVGqScngBM
perf_toaddress_1506,5G15iW59MEx8hjLU1jV7g36Xc5bDJLrhgayJq2a7QszcRmvC
perf_toaddress_1507,5HGgd6JPuNQQQcS63DDYinS8zw5XR1N4PtDfTc3QBxi4TK7V
perf_toaddress_1508,5EhLsKzmuSeCkb24Pn7QzfCruSCZtpVTdhmVZ8VniGpPecEk
perf_toaddress_1509,5ELT47ZgnhqL9WBhzVuWXUGLHE9vHgtfvPcCtJG8nfQV1gjN
perf_toaddress_1510,5FVW1iQAYdA9giRhD1kKpNWBxzkweMdTC1nYdFG9vkSDCHep
perf_toaddress_1511,5HHBBfJPAzGPy3CL5gMyLUh7orHEsKiA85WUtJ4Nv2xdydxi
perf_toaddress_1512,5CQLzVCoKZhPvZjFMwNJHMaeQ7iV1YqjxiAzhg51KYv25UAX
perf_toaddress_1513,5DN7p6Esv3kAWRFjBxiQdhwQppWGbbkiapMC5mXCU8rvJaeh
perf_toaddress_1514,5GVqdoT2Ugcdy8SRpQy79GFvHjGhyhx65JCjxMeUAAZdKfuF
perf_toaddress_1515,5Cm2vyTiWVuhM8M2eLL2S9dHX2vX6t4SwmdrWmSUWk3Cm9ha
perf_toaddress_1516,5C9GZoJn2Abs6yXkMMPXBPSwY99m4GdBFs5wUF2n1nPEd9rS
perf_toaddress_1517,5E2Y4peoB4yCfyZ3LK4gBv5Br6tUL8cUafkooTppB1ct6s77
perf_toaddress_1518,5FqJmZb7aC97Kjv3cpjkqHeG4UCP9tFA6pwksDxAUr9uw9nP
perf_toaddress_1519,5EN63eGoqL1JxbqQNhyz8PMYKub3K4556bNAhsRaDeJHN8nd
perf_toaddress_1520,5E9sDy1sC2oBKxvK59Dd3CTNcb14qzfZfmo7GNdjp4YRXi8z
perf_toaddress_1521,5DKUTYAkNTxcDwMyZy1wKmeyzkkCUAaXN1M7mUEevr2AvATG
perf_toaddress_1522,5G3fjAPGxsLnxLW3THDmibdUcmN2n8EYvNrLUYHmHEULEhC5
perf_toaddress_1523,5Fsw3xy7SJDvYoyRqnwmMdnPC6Qh7hrqmt3KcXUcocytyip8
perf_toaddress_1524,5Ed1Cx1BDQF1G1duAR2FJAp1aeu1t7z2RFtrwQZsZowz4W17
perf_toaddress_1525,5CK8on3HoBj773zFjZBPxgeEH7XbiK1D1uY16KQZTM11AQq7
perf_toaddress_1526,5Cqa8Te9igVyYtoKBssHunTWVDv2MGvtK6GTA8H2mfP6FrBg
perf_toaddress_1527,5GGZ14ETcRSrYih9gXFFCTAcLu9X5jW75s8SNoWzUASqLocW
perf_toaddress_1528,5Eq7Z39hswJj8Viv7DSgyy2hdqhCYbeLmFdPHLGx19vVvPWP
perf_toaddress_1529,5GK1m3x5B5abUvkckZdfJUScc6jfbiikFZ2eFzgiqCbRdBCz
perf_toaddress_1530,5Ecsu4URUXuw9h1DDqAzNpxBR24pUYdie4F9syVm91gZs6KT
perf_toaddress_1531,5CzXJCHfKM4vPb1cRpHuJ2EvHjVHJ3N3EUGmnEk7C9m7ZxQs
perf_toaddress_1532,5GEMaw39Wj55T7y56u7fEZ25yPqPPY7RpwSJ9sfzs12BXEFk
perf_toaddress_1533,5D7erDLYNQXbnC3jberftgE89LamGD8jzjgaBGQgKU7hFGmh
perf_toaddress_1534,5CfR37dgpoZghAvtFSZLVRw4t8tkuTcS7wkHZ9hfZhyqGBjh
perf_toaddress_1535,5HjsBLZDVBRHQCViU2E6uMbaQAScJcV2p7yCsypasc1uu9jo
perf_toaddress_1536,5HhpGFYkmwA99XVhwPPHwJFxe3NyEAdnBsPKuCpyyaJs7vJM
perf_toaddress_1537,5FbvprmTMzFiNyV6PPvSYtfvYCEfS9XaUeLGxLdqKmW1YCyE
perf_toaddress_1538,5FJKp3pFcFPidRvYeMf4LDK8xzt9JMPQhksE11wFGfPSYPux
perf_toaddress_1539,5FbiXa3DjshmUFYbdsnvLAY325oJU1Yfw2grtYMT3JUsZbHw
perf_toaddress_1540,5HSJNmznRNAxkbdKgv89E4LUyWq3KUVMNV7uvVrvNmRVuMwh
perf_toaddress_1541,5HW3P7B8FzpNNpMkBhdnHZX4LTCK6xpgPSWXKqMsCPSaQxBv
perf_toaddress_1542,5HGBh9qgecCNukemUookVGUBgHeAkJUVrLbw3WHtPJ1SrGtt
perf_toaddress_1543,5DYdNRsfB4FgEPzKiXizGRBPa4SuQTFrdW6gCp1YwLxnkTQx
perf_toaddress_1544,5EgcYRzMAco3ApoX8ugxJm6GBH8KR9qVERSfuA2uWNhumxNU
perf_toaddress_1545,5FmSVTvk66WD3TTxd4Hr8TCNTSKQYrUpBSEiVCjjz843yoky
perf_toaddress_1546,5HLH95zBLzskpno7dk5uydqmommHJWJWBu9By98jUg1m3yyE
perf_toaddress_1547,5HKENYXRWSaonCxjY3i78trp9ftaDT2G2Rp9fCdTdMRmBmJL
perf_toaddress_1548,5Fdz6tqPY5GJbg3XkWxvu3wbuWjUHG4EW5Jw2sAGX5mvMG5G
perf_toaddress_1549,5Gf8fJnVLXtgQ6Z4LvmniK6Z41AzX7iZUN9ieaazWqj9zyB7
perf_toaddress_1550,5ENP7eo7kZW1RcSCmVXhBQZ1iqvpgP7EfuNLhCJkcC9UAJDD
perf_toaddress_1551,5Hi13CNtHzkesbattS93NyioduS3yNVCbs42GZ97sFw9hTuW
perf_toaddress_1552,5CxUne5u6ji3byXhdRkPi6mDdAXtnLmoT4aHCbAU1cBtDQ4C
perf_toaddress_1553,5DD4sdmr7SSN1zcBwAtYsPpHjGhy825ZJy2zLhmFFxVHQZkX
perf_toaddress_1554,5DsJmKMbHWhh3ickNq5MPQZYKk48WcecvdaV4n6BvvTb29Ef
perf_toaddress_1555,5CEihzfWP9FEXmosn3wWQr3PF5xgh1oJtvoKhzPwgd3NB4qZ
perf_toaddress_1556,5D6gWpzUqWBiLnqMRExUPa83fSLHv4V74NrRpjaSUBv97kR6
perf_toaddress_1557,5Fd2oCzvV9CZ35SnAEB3Tf6u6fGaSoHnrL9oL7Tv1GWELktP
perf_toaddress_1558,5CCzFXvQJb37qtKfo7qAHL2o3uy6wA98HNQKzrLCZpi38HLR
perf_toaddress_1559,5CgxAUhcqiEna2H8FgbGnSaU7hBasSDNZDU3qJ21hX2B1MMD
perf_toaddress_1560,5FKgPvixQTSzAUYRi156kmFw9jWRaHSw3LwM2XwyxXZZjHWc
perf_toaddress_1561,5GkvwDrRKY1P5pFiq9vCe48JcVNE56N4L98BDEz8SAg2GZ8K
perf_toaddress_1562,5CLodCTCPHywmedRw4K1H7Ajkoe5RGunhfNhbMfEdqaRTzaf
perf_toaddress_1563,5EB3iEi79BSG7H1PxiJ5wY39Bd1iNdWZsi59Mt2LEZy3cdr4
perf_toaddress_1564,5Cs6cn4rTJxAdBZ6oJsRx16PwxWXMrBR1vyE2W4nASzEahff
perf_toaddress_1565,5D9rWBrj44u1RbB5JYu3xuz5uMWRVmXcQ8tt6ZTshFhQ5eXc
perf_toaddress_1566,5HQz19faW5M9D2ByALHRdMg7ftmyAucfLYrzmbjTiaCRPeEd
perf_toaddress_1567,5Dq9sQGJB2GxZrm22zvCyjezpXFvPcoTkdFTTGtKDrhTM1jV
perf_toaddress_1568,5D21YAXjCgbdJr2W94rdyMBxmuqVuv8H5izRKjaA6MRwvV29
perf_toaddress_1569,5GqJA9reMa1Tic4ogfxFJqveLrqcy2rkRZb1GiJ44XyWTBZc
perf_toaddress_1570,5ChBMQVRBMGN7C7CYhEfSBzk6GfBgfaoJA8uToi9fefSLZbZ
perf_toaddress_1571,5EHpodUr9cqXYwpGTUsWiC2XSDRThgvYPvR8qBQzJgN1PzAV
perf_toaddress_1572,5EMGj12mcNsh6tGptxgH9i9NAenPJPHNaa2qy21B8XrsBFZB
perf_toaddress_1573,5Gi2bmDt4WxuKiSUsbkNseNPaWkcQ1fy3qWngGuQA44qjTsb
perf_toaddress_1574,5EUPw8pCoNa97oM57Lt7ch7c4d54jtGLz4BvomaV2mRuJB9b
perf_toaddress_1575,5CmxR69JNHaKvdrpMe9byXavwM7FAx7masiSKJXnzmDMQPWt
perf_toaddress_1576,5E6faiNLjhHQHZbMVYvdrSo7zQiFZuJuDMHu2aK2TEexJzTo
perf_toaddress_1577,5CpcS8SkHTGoxrGhhPLuLKyumm8DawWRkLwy1qFaHTVAAdN5
perf_toaddress_1578,5FvdCDBHV3evbo9k1KqrjmbuuUvG2RV68WK8cyWRgFZMc98t
perf_toaddress_1579,5ESi65oxHtMz3UE6CtYTNnRUzsf53j6jeAxWp6eHgH9t8KrS
perf_toaddress_1580,5GL2uHFdzfntgbqfUhbtAVR7sCrVxK5v7Ke8T9fyJ5epBbnX
perf_toaddress_1581,5EUHsCv3UX6adjeDQ6pxaQZJKCRr2qzQrfP7Kdg7y4BNXpgc
perf_toaddress_1582,5FHLVmV36t5QLMPsvadSHkTsuDFUaNFZRyWmzN3zh86LzWM2
perf_toaddress_1583,5FeCAJceqbqsX1PnSDKRb5ojYij9pLXBtycFe3eDoCWWNqAX
perf_toaddress_1584,5FPPok9pXsLnTtcFLSqJ8BTzimPWdWESK9mj946QGZCuYk6V
perf_toaddress_1585,5CmMqWk9jeqVMBDszj1fvaJGFyyHT5YDcoi4N1UYEy1nhRpw
perf_toaddress_1586,5CTXwJ8eVyAwBHnQhfPzJBoXPSnY9px9teq3u9MwyS6XXXRR
perf_toaddress_1587,5Efp49jbgvLteufG6jast5PhWteRjK6Xq7oCFEe6aqYEDsK5
perf_toaddress_1588,5GizMHLgCf1ARDh2FGxvrvWrMjReXp593CtPkGKyhhgkamYM
perf_toaddress_1589,5GYw3J3nyzjiXjMp1AyrzCxEwXKimFoRP24F8uumg62jYHa7
perf_toaddress_1590,5HbaNw5BZks4C14BruhkzAcbuADSC4BwhMX6HxVZQV6qc3ac
perf_toaddress_1591,5FQygpdqSCdJuppvjb1kshqjkxpF7PsiZkN6H7ijgfu2xZmQ
perf_toaddress_1592,5D1QHxi9GGk7GdHUfNjVQ4hFHhtRpaxYsveAnZYihgMTiMNM
perf_toaddress_1593,5CK2p8s82DuiNFoEDteMcaxRKWGEBBgo6pkBW3nYx5YDm1tL
perf_toaddress_1594,5G4PH87R9jTXCjaNdN3KxGSVAuPRjAjUag1fujauEQwFYeXS
perf_toaddress_1595,5EgPhbcFywk5NJD4W8VMEU3zJ3BacqTzqz5zR3gW2fjAXwvf
perf_toaddress_1596,5Hk3cZQggvcXjuoj2niMFe1jumDifLpSErEDYo5EPc5cueiZ
perf_toaddress_1597,5C5JoMw8WHeBpPaY21pbgkJQq9kRqhCwSCREex7RuY4JyxxA
perf_toaddress_1598,5EMLsUkV4Xgf1yijNYMmPsg6RYWa2pjn8VijRduymRFLDdLG
perf_toaddress_1599,5G4Tc6d8WKfokwAZi66EH43WMBY9RoREKRV1FjhQf15K773s
perf_toaddress_1600,5EcRiwXkDVTJWngVbR8qia4knkA9bRR1W7V9wvsBy5ecuVY4
perf_toaddress_1601,5FRmFqakruQY9bmcqMPNBzi54Bp8CPySxZ2DVFS2xbBSGYrw
perf_toaddress_1602,5DczRzPwF3APbfddfYRu1MKaoEkuiw4RNtAKAubnGyNuBH8R
perf_toaddress_1603,5ETibh2wP8TDiTGa7xuC44jMTGjTcPH8oNJsoKZGFazwvW8s
perf_toaddress_1604,5F2k5khP9XAZzeNwpcpzYf88stTKkerQCHQpk8UzffZqmdfJ
perf_toaddress_1605,5Hg6v8UTUA9p89NV5ft3F8QXex9HczjnJLQ6ibbJjzbNUL55
perf_toaddress_1606,5FaEB1KeGrDsBe6ACRfJokejMNCsKvnSUk2e2MojtiLDnhXy
perf_toaddress_1607,5GhewM9DVeAPN1VNxqURGihiLPFefcBbC5YQkEMg948oPM43
perf_toaddress_1608,5C8P2pPsA76xuGtjxQDFzp6BhJ94DoCNYUgfvUWjAvvCkik2
perf_toaddress_1609,5GVSWK9W5QpuXYLuxjqca1ZrN9uepxv5nDYfTfv3ajDn2W2a
perf_toaddress_1610,5GHQmBCo9zzXo7ny7pz7hGwdu5xg3jM4QvDViH4fxhScWJpz
perf_toaddress_1611,5DNd868jEGpjhZ8Bt3BwFBit47c4cbky94v4PBo2PhRJQWjd
perf_toaddress_1612,5GoyiBmeqZFpaW2QYYBRo742tXX7cq18x868mH2vZZLbV75M
perf_toaddress_1613,5CQ9kBK3SPKkXhQk19HXNkghyzfWsxc7EUHBU9soVyC8MXNp
perf_toaddress_1614,5CZjXKAw4HzYfLTNqWqQuPmnx5Wk3QrHRpKqLuutGpA4F3XH
perf_toaddress_1615,5GQyMC8Ck7AWhUWr6BYnUJuoBnmyWqSxow4vJJGYm1pzcB8x
perf_toaddress_1616,5CnhtbYH29Qmjx3ZgCtiSJfaMNMr5Z9iPtwd7kgdF6LyyqV3
perf_toaddress_1617,5CKtzoA5WPEhQhXH55Bjj9WuomothyWvzvvZ7379gARxEetY
perf_toaddress_1618,5EEr8Lr66fdRJFXQjSdGugWes8JytXzdscTVnorjt9FuCKH3
perf_toaddress_1619,5E12qUu5DNjAcUus3rxKKTzsVeKNQgPYUoa3WA1Xveon4wQB
perf_toaddress_1620,5CSxwK5HfHJ3TzayJbuyP41MjQAyh7LURpJ7VaUWAzkHPFsM
perf_toaddress_1621,5FYhnW2LbnSjZzHgoiE2ha9ZoKLZpvPeFveSQmSEVuHZcPiR
perf_toaddress_1622,5GSmhzEcE7BFWAgzsUf9aEN33g8QwETwK4qA52YEB3QV9e44
perf_toaddress_1623,5C8w8nxw4233Ea4saNFbRxbJWZZWC8PynxuRN7pwoMHyakQ8
perf_toaddress_1624,5E66DNnVg5pmoxpM7HVbrZCYbrsivL9dnSdneFEPEyWiJDgd
perf_toaddress_1625,5EDNeaNMkiwuSVdJgiwbZX46iReMRyfuyFcP4QfzEqK4PrFA
perf_toaddress_1626,5DqbiE3Wh5xRNqqhdJXFB1PveZ1xGmGuKKaaz6og4SekNE1X
perf_toaddress_1627,5FCwfTPaY4yvongQUWm38ai2WWzHyE9GSdD5Svuzrfq3cTRD
perf_toaddress_1628,5EYRjwqUhg8o1VgTpfytJq7v3CXw39gkrcdxr7eMscRNQyhL
perf_toaddress_1629,5GamjXHLS3VpXU4bnZZQAE1xvRBiTJCEGS1iniGpvkXttTqc
perf_toaddress_1630,5E4ohqS7EHwCagrRmxJdsMYErVYcedzJkpduerukVCkH5kcx
perf_toaddress_1631,5DGBWZ4iNDxksoe54fLhwm5XGtNDBFmR2cNwxn2sGrDEGxaS
perf_toaddress_1632,5CTF5tJ4s6U3pDBZDNdnzei4ELgMotC6rQQoYiBVo1xmNnp3
perf_toaddress_1633,5GeGNNp1FFQhPxNMut2kwyM8WMP7EVshi8JkiBoBPND1DfaC
perf_toaddress_1634,5EkNQVCHroq4oBkTSEmUYYuM5MzMZStRt8EbB5cvDAjt2n5r
perf_toaddress_1635,5Fj9HBuZG9WuKNHzDpjtWH1xCF6vSMGpso9cpbsUGmcAaZ8x
perf_toaddress_1636,5D2zBDB2uxhYcwYdkirEVoYRSgk8jcP52jDgdkY3FXB2kfk6
perf_toaddress_1637,5D4mEXQX8Pa69AZnbiAsswpTGyjkYS7kejA65EtPenUv65r8
perf_toaddress_1638,5EV7yZjaoibHUP9y7wYeAqmFQ8nskP4j8pRgFbSA4DRRDHFX
perf_toaddress_1639,5FKAc5qkpgw9nSd5ukK3hsb4DiRUtqT6GJC94iVXsP6VsogY
perf_toaddress_1640,5Eg2LhFCcrYJtzSBUsoq9KyV9tZguK3obMwqsNFx88x44n3z
perf_toaddress_1641,5EPz2F1kdrcDFAobWhkFvbJ2tbAuFrHyWAS3pMLdJTvwQ47F
perf_toaddress_1642,5HAvJizi2ikKW686QkeBnmh7vmQR6rvsAx4KX7AyZXovdMfP
perf_toaddress_1643,5FZ7zZ5yfcRR9y1K8D1oD2AnCyQwrKEfdrCG3yZSvSWHS16s
perf_toaddress_1644,5EkqcvJnwwHe5mcNjyGeWuNf3jdUhkdMAdPrwYxwfL3YE4Ru
perf_toaddress_1645,5CwyHuitXP8TfPu5KrLm97uoFTmCgHRuDdV3LkUY2rc1GXXs
perf_toaddress_1646,5ECzFx2HAWb1K6wzd2mtVsLa2qyjDV77hbcmnLxcrim2UUGV
perf_toaddress_1647,5HkTrh9qWr6YJV5rwkM88HBE5xZgoSuC6Cxk7GgwcfJg8FxA
perf_toaddress_1648,5CJQJoW1wM5wFzFVnz674kE6sNHzYDehGdvXnsskxEYipZQS
perf_toaddress_1649,5CWf4yCNDWWancrLJwJLN4gHLbSUhbaxbtWeWivrrcTegBa4
perf_toaddress_1650,5Gbr4H65eR48zP2rWny9eyefZxt4sHnyPDJCyUX7wS26yEmc
perf_toaddress_1651,5GaEQhcTuH5J9kLntcf1qEQpxHJ9ciXx6CS5M9xq5BuLmoa6
perf_toaddress_1652,5FFGf44MiccBAGXoZP75yQkwrkL9GtHEU7mXreRJSPq7PxhX
perf_toaddress_1653,5Cr5Bf7Sric35WSoS26SVQqAa7BXkuTpng3eQCZ4vB4SAQ3b
perf_toaddress_1654,5DxkHqAbBFrWBMrweNzuX98iMD2swn2LqGEEtGidU1qvCydR
perf_toaddress_1655,5EHhqtP85cykxpGg7BNdMrHvCRJV1CqMxxGrqwQMjFvzuNN9
perf_toaddress_1656,5EjzZeTNC8fn8V3XjCfYwp3B35msvqMAgvA8fjHV7LMtF4zU
perf_toaddress_1657,5H3VvR9XWi7TKY538pkvjgiCxZFAMwa68NohoAqruhtYwzcP
perf_toaddress_1658,5GiGP66q1VHeyyCsxd1jvjnVFxPy5wt79NYoUnoTDkbF4tiN
perf_toaddress_1659,5F5872wkMKmMKM2NVQx681kcM1ZA5NxFzXi6sDbcsv1xD47Z
perf_toaddress_1660,5HYNvPvryQ1NtCZGEWzqKZ21buCwypZ3Hgcj94yYtxcZqMeq
perf_toaddress_1661,5EZy3qohnoLXPFUBZKfwzKAXDxnNns2zUii3AWMnpLvX2m8X
perf_toaddress_1662,5HYJcjFcfsAjEr1VEW8eJJUGEchiMLE7aUvzLSicAHfrBsdX
perf_toaddress_1663,5GPSJxa16JsNvGochcDxeHkaB1M4WXvycRFwQ9vJupwwYhdx
perf_toaddress_1664,5Eu1iXeAsd7QbF7fUhESVm8qMayVHRAtnwi9588hYXomVEew
perf_toaddress_1665,5FRE6uVLZnAUPNta4FhGfkNCPgHhnD7qTkGn27awXdeKs47L
perf_toaddress_1666,5HjhM2o9bbisGWf6vMA2R89BYZj2EYLrTk9bidX7Q1daQisA
perf_toaddress_1667,5FWTwWnMYL1igLaABQGAVEJLuhUb2Rano8TRLovmQXvpSha7
perf_toaddress_1668,5Ck3geGo37U6ogTWF75YSRE3LrBWbvAAqqkvTZQk9WX7i8x5
perf_toaddress_1669,5FFrmE58utK93mSR7NvaP49eUikDjVwkSdVsPueqsgLeZA3L
perf_toaddress_1670,5DkzH9T5knFNXwAhk434uwE122Ygrn3BhPtBa54VsYhasv6Y
perf_toaddress_1671,5FV3vZpnbaqF2AVMKrqeLcE1HV8qX9Zdp8WWUssEXCSUiqdw
perf_toaddress_1672,5F49CNjbnysHqZpJ9c6KnK8tvudQ32GcDSLpWRoh9fSrt6AY
perf_toaddress_1673,5C8UNMBrBezKP8mEUPyZsNXXiykYqcacmVBChLU9eY1yJnfq
perf_toaddress_1674,5E1nh74UvaEPcosbXP31PjiCevWTFMiEsYEg9WYtRxG4qBux
perf_toaddress_1675,5DFvCvhdUK1eTRdYjoTr9X32mVmxYSGPX3fYcZnfoEgjeLBS
perf_toaddress_1676,5CQPq8zDRcjPZBoyNr46hWaJscdAuQ4do457948dZi4c52DM
perf_toaddress_1677,5G6M1mawdYP3cxLUU7eEQ7Vax52updGJ9d2mjjkA3m9mPJXf
perf_toaddress_1678,5Ejwj9SYNX18a3Mk5vsFtgMavqPgxuS4RK7aHiXdaEAomAfn
perf_toaddress_1679,5Ej6bo2LuuQ2VT2yvQm8n4N2eNEBiJ6R433i3McWEtLeMCPS
perf_toaddress_1680,5CJiJCYGgDs2cjHfpyzru7UnRQhu4yF1gEnd28byTVHT2jxv
perf_toaddress_1681,5CkYrqN85eQLC1PkLU7NaScoNkuEFwjKQrHNFU4fndQUR1Mh
perf_toaddress_1682,5Fc63WtPRVx2mxNdGDnNSB3C7YJuMnXH313odhutEiVasQkx
perf_toaddress_1683,5CHxMhNSFVyDeBLA6AaCnHLva5ddofWpk9ymHJLMZqrSRcpY
perf_toaddress_1684,5FsBPNLHQCyx9oygujVt35RvaJGPt5yFMJyXSapnTQQGFGio
perf_toaddress_1685,5D2NhNV7x2qBkqUN5rRJzggmn46Xd9ZfqHhucrvwFSWW183K
perf_toaddress_1686,5G1pKcHSJVXczMaLSKdvc1aJJtaAphveACinomWcwiLM5ckP
perf_toaddress_1687,5Erd7wUAvzKhazTkhQ5AYhTLCFaFauPE9USTBN1sPE8qhKZr
perf_toaddress_1688,5GjZtEgQ9dri5J4jkNXuhobLa4G589Lm6n8tzqV7a9cKBFgv
perf_toaddress_1689,5CztMFBFQddktttgEVuessNemtNVLBiNfU7bFS9T7FtLFjhA
perf_toaddress_1690,5CfN57LYqWPag8i2GuxgFQZhWKLMKxqFjxzc58PJ9SX2b6cx
perf_toaddress_1691,5CvzMG5sHhriign2CjN25TtfdJwpiAt56xWK7j9QiJciRd5k
perf_toaddress_1692,5G5qLEBWnJQKiEje3Gvdkhuw8bRsbegJLVNcQbaiPqhL6TLu
perf_toaddress_1693,5FgD89WRckv9k6fAPQZFadGgMzSnAGw6Zwx9eTNEfQv7gdoc
perf_toaddress_1694,5DHRQTSbynWNWHtFBvGK8MPU7nCFUjASRDS3gpgx7oVxgw7D
perf_toaddress_1695,5DHoJAJRQHN7gcJ9tCvi6cBXxAr1mBdNqnyeV8QmLTNjdKT5
perf_toaddress_1696,5CGv5DAZeJpKizWZFHbF5NGfkJcEiBTGJbhd181yEvJDxVBx
perf_toaddress_1697,5CHzWicvA757v5c8Y5YEBJ5y3G1Dn2uQrC2nHVW2NqAFc6r9
perf_toaddress_1698,5FXA7Jdhg5KBHPGvaYY6U58xjMqKsnf7BthfhqiA58mJ7Xm1
perf_toaddress_1699,5EpjDv7CQHJFnMZMhXhSEmy7c54j38FhNrcWRpSiA6zCYxKV
perf_toaddress_1700,5G52WUcoF4z73HwyEXK72WTXpYVUTed9NQd38ieDJtv1a46Q
perf_toaddress_1701,5CTAJZwM8vBCD3ji6755oGURfEB8aMwkaMEssNDwmzDMxZCn
perf_toaddress_1702,5Dcsp2FMZwnxFWYDdA88VD8j77o7FzngAvFALvC2PyHawyER
perf_toaddress_1703,5C9d7YjzuvoWYhdKzeFDQaYhCF86tm7qVruz57Vvnjq9bJq2
perf_toaddress_1704,5FkPbSKdUhijbiijKgqmVXhjoVrw63QKNv8ZGeutJdMTDHux
perf_toaddress_1705,5GvNfwHYPLoUtUbaciW3ZhH4gwFNXNReNZmn3hMP7fM18Sxr
perf_toaddress_1706,5Et56dcJT9X3V7SYTHujAnW89xqaDsPGuVCW9kL4GgvFARkt
perf_toaddress_1707,5GQC5YrKaVWZpTqKtmmffQfTtgCHDdmyo9tPjB7T93JfbRui
perf_toaddress_1708,5Fg5CXyANhZXrt82acfwzdp1QB4zDujmVYkFodeKPve4Qbhp
perf_toaddress_1709,5FUyoBDMvVGtEEdPaNBUVs3aj33E7cK1YmNp1w22M2RMLgrE
perf_toaddress_1710,5FkwxRyMPx3jUmcWPp3eEmFxGF21bxjwoUXjxaPP4PhzUKBE
perf_toaddress_1711,5GDoLJpRhYdop6ivgxxv1U2VFcBUadvQ427poG192bmtd18Z
perf_toaddress_1712,5GYCcxta6uTfg5GPojs3A9NnFuqTWAkginnccF9hCoh5rSDk
perf_toaddress_1713,5F6en3XbYekDuAS9dcgLDzVjcoGjy2xwTPvC8zSNhnyogjYL
perf_toaddress_1714,5HjGsXXaaPsoTmoG1D1igvc3ziqMbnY9KJwuStsbd6yBmA5A
perf_toaddress_1715,5Fevb3Ve2MG7iSscnUrM8NHAGFs3D8cR1r8wXCzTMejnJRNR
perf_toaddress_1716,5CtryFLi6eaSi5QWeE6CjBQ7fCBdV7EgHdiVsP8VCApzjizD
perf_toaddress_1717,5DZ5xp89DKAazG7YqnumK2ukCoRUAwktPdXTM9AopdqzsobU
perf_toaddress_1718,5FuvpqjD1FMsAPB6CASg5MranoPXgQgn7AgdPVVT25hsf71B
perf_toaddress_1719,5HhKQ7FhuChVMxLAc8sMG8VPUJbxchjyK9nkh3pPouXqCH3A
perf_toaddress_1720,5H1eM4BCgh3rJmUMHBkaNYdAfuY1q4RzEni2MF3iQumwJoWC
perf_toaddress_1721,5DihLccFxWdrNbkr1ASeRSRYkeEdagBUrXuTKj6Z51oSXcTw
perf_toaddress_1722,5DBe6PresgYfBHAF7SqxYCr73Bt7JMtigdLER4WvDJQgpFDY
perf_toaddress_1723,5ESayh6itCWAnLxZ2Hd793D2QEi7oYSbDyT79t7HLbcGZgQE
perf_toaddress_1724,5GPTmwTX3TKLwMKeuKzkiSCXwo58DUEo2K4RpRiT3t6DtAex
perf_toaddress_1725,5HXY9E1P8x5aLMoWfWaT9U2N5wCGai6S3Vab1FXj8NXQjYFi
perf_toaddress_1726,5H63JBcdSvvB4cxZPHkHoZz8TjbzACa19RQtBAf83f7k4n4K
perf_toaddress_1727,5He6CQ2Aw1gQXQKUaekmozrAAPxhvPURZKaPDJxQbfkAdKz3
perf_toaddress_1728,5CeJJezjVvt2nhRxnWKvPPRqxVCmZR9WmW1w7wf6EcJtf3B4
perf_toaddress_1729,5DqKeer5bkv9J5v5SEA2E9QGT8JFwcF5ik7wV9zfV3B2SvNb
perf_toaddress_1730,5DeyGE4sonHgkAwtsfNo36utoKV1dinsCzps6rSVHv9NeEn5
perf_toaddress_1731,5G6JKhpg5AtxSaF9ZbCUZ3RW4D8qKpKzZKQ6DoGK8AKo23p2
perf_toaddress_1732,5DbjmPQr46trG8oCAN5iPrun9kG7Nsz35hX96dNXzVjvLGo6
perf_toaddress_1733,5E6rhdiMh4weAeW4h9w1rPQYJiMMdPZTpkxjwDLdrMAKijYS
perf_toaddress_1734,5FB74Jhq2cGeuj3mYDWQR6qYQWrW3iEnrfA686LkmaqZGtru
perf_toaddress_1735,5H4pcfdokFhV57ZjbskdidkU9uCcqhxWCr1PjAavRvPJjvRd
perf_toaddress_1736,5CfpmMqraeqSG7cUGuovK1HwEgaovEa9E5kRikxgsGKWYHNg
perf_toaddress_1737,5HS9AE8erwK2egoDuLegs3fkMcYCTLZ7uXBQZb2LSmoNfrBv
perf_toaddress_1738,5GAyWs9MHWNXvSbts4CoZh4n481QraboUqv7Vxb5623NUFkc
perf_toaddress_1739,5FPivK5NcKDfG1A7o3UMjYTSy97enUY1yqE4r12TJChM2LtN
perf_toaddress_1740,5HQkR5dm4v2wSNZfqqhErYetA39kFS7egPbQd7wd92ceHAXe
perf_toaddress_1741,5EvJk2HvFxrDA2KR8ysgtPdHBkiePiM28v3CJHQaE4uyPE2i
perf_toaddress_1742,5H2DDpHo5uPG43b768ADnuHFaUQpQdMSJ86mBQTSm4tgwAeH
perf_toaddress_1743,5GLApa4BkZNbxcUpvMhajWxjaKcJg6GSSP2U16hLjUpq94No
perf_toaddress_1744,5F3ZCZAUCP7GFwdubm3znzaX2CpC2S2Pc54dkQhabDRwzg75
perf_toaddress_1745,5Go8M26be1GHo5cZ1A9RqiCgRepJD43QxoNWEXpcbaWbsB34
perf_toaddress_1746,5GfhfwJ1sHgH1Dc1AqmanqVFViYUFGPmjmP13S1r2ouDsCd4
perf_toaddress_1747,5CGAsJqRZna3xWkhfWivyv3HujxDFxSPTPimtYfJW2Bi3jyb
perf_toaddress_1748,5EjzK6hAvmdnRtjUG6Db7zQAc6g51sGPddQsSAT8wuJjQLmz
perf_toaddress_1749,5FTPpBqKgnqeHC55UsG5gMWMQyDJ2scrCfgjGX1bRZGSBgpw
perf_toaddress_1750,5G3pQM6BTbxbENUoYN6Msz6GTytme1Z9ezozWx2gLuzo5BS1
perf_toaddress_1751,5GvnyJMfDmi7ewERLp8cTovYWafQc2dJb6et6xUSdzn8Gw37
perf_toaddress_1752,5E6jczRnohirP8Ar2tXAihjSUNqJzwKLSqBhCy1GaVDpMXue
perf_toaddress_1753,5EShiJUFYTXf2KrERqRAdk58D2sf8WWNvWXG1orMFikhe57D
perf_toaddress_1754,5E7sJXi5RsW1oSgJBUajKZQBKoSQg5pgdaCQrktbvhXzgs4r
perf_toaddress_1755,5D3Fa8d82ss7KZXxwfoAUT5ARHhxanSd7iba1y5WLkB8CSzd
perf_toaddress_1756,5DSCT362nhFxqviHLutkBHwBASUn6dSAhfVqsacUdaXywN8r
perf_toaddress_1757,5Dbm2FRdhbzKugopLj2Rc655g146xrqBY9MgkxvCR7hwTgyk
perf_toaddress_1758,5DEG7Whw1pyawRpC6p6bzz3R8C5zdm5n5LMfM9fsZtRRAGtq
perf_toaddress_1759,5DvSeq8aTf5DxCr9Fg2hpaBhnAMFxAhRzP42UXsT9ufHwgZu
perf_toaddress_1760,5DQ5rM4D2oe65sqCkx9Rd6XrjNcjnu7P34fyfXe6JjfkcoZf
perf_toaddress_1761,5CMMJPLSgsBXeffVQydxMGNCHC64AXWXERBSwZypBfCWQxga
perf_toaddress_1762,5GXUJE3Jjvz9igyua4a1NonPfESxnakVcVcuQNnQGhXYHRHc
perf_toaddress_1763,5HhGzqWkbPf4XvVhGTVixrqZjRqkaaVRVk1vF8jzxpAovEJw
perf_toaddress_1764,5DpYucE3fuhg9iVrGjPwEaRKz8YqhbSGzDwXkQpp89Bp7133
perf_toaddress_1765,5EHTVdFVL9LXC2g1vXJQmd2U1mW6ZfzujbkbD66p3ZT9C9tL
perf_toaddress_1766,5GdrDME1XNxsCcnxxSJ4GWBk7LsbW93jG2xHbMRFAUY8AtvS
perf_toaddress_1767,5CEGfRr89i65FGVmPKdP2gXSe98FSUq1wiAbotf8y2C7MnyV
perf_toaddress_1768,5DEkvX9VvtaU7YD65TvvAFLzACKLfXN4uCG68mWCHsfHbct9
perf_toaddress_1769,5GHURTArMF5xJV7Gwq2QdyhNAF7KwGVqwzDi5xnBXpYfkMP6
perf_toaddress_1770,5HqB62dGBgtRYhKMdjEunzSvBZPYf4cHuvhgmh7HjM4WqGRc
perf_toaddress_1771,5H1AZ4zcaw8VanUJcyYeMoMENrBkx7dbW8tG6shjrwVZ4mWa
perf_toaddress_1772,5GbLHh88niVq9qDiPGn6k1cxDVJq3DWCqqNtQfiKKy5pxP5b
perf_toaddress_1773,5CxNA74SWSUeR6dt93q6JSxLMAEAHE1EdGJocDgzoqam15Ub
perf_toaddress_1774,5Fkoa6xeUFesFdqUaWTumCVteN2KPMPt2QSFhrcBMVipQRBg
perf_toaddress_1775,5FMCTsTUjh2mA1ti4aRxCdywU7MopfRftScqMwzGa14uYHRn
perf_toaddress_1776,5DpGpG7uq5QkBeoXJ77ZTWqV87CnGBqn9gXEQvdVvt6sDvVJ
perf_toaddress_1777,5DG9rmsoo4xg9Yy2njM3orkUakoMCDq2W9tjK71ERSdhht3p
perf_toaddress_1778,5DDU9rfNEamYxwCng8uQaW8vzdU16T7KjMbuLRhu1GUejatB
perf_toaddress_1779,5FNWVLgAX3mudNkJaj7L87AFqzUvVEq9c4igyUySuJ6p97Lw
perf_toaddress_1780,5GsktFgZwkGGrsEbi1wTJdxZfCi6gySrwxx4t8hf28zFctNN
perf_toaddress_1781,5EoVFaKB3mKYYz7HYqCQtD4732wBjS5xYTZMGPwiiTxzVyih
perf_toaddress_1782,5CjqTnuG8zqwHGQm1eW9MB22S3niJip7QuM1ixYM6WLasc2M
perf_toaddress_1783,5DmTbfMCvBz73sKA1ZD7hqVPDYueBVddCKgvne4Q98HH9PFe
perf_toaddress_1784,5EVq6rmPCf1X7WZ1ZMURrozjAm7aiHo1w5w4DpGeAxifcAKj
perf_toaddress_1785,5DwMJPd8jZ6LXwn79dCsdcGHxCWyDtGLw2pxr9YoimacRWuf
perf_toaddress_1786,5GaepuLCuXRRiBZYFaFSMT5ZXeMeo4caB38Pttx8DpoEhTZR
perf_toaddress_1787,5Ctwt9hto962AYwbwgzJsTr2GbQ6DcJhxkFLiKWQ5bAdbuUw
perf_toaddress_1788,5HEECE66GKj2aC4cEjNQmcPfMjLkHya4mUB2FemS2YAgB9K1
perf_toaddress_1789,5HHfqy3zAa8C5dgBmYrd42qEHn7gkZBU5Av2pAd2E4SYE2bh
perf_toaddress_1790,5FPUDFiwtPZkCHWJQrguvAyDqqCYh1hwcjs65Ctps1qgYyzc
perf_toaddress_1791,5GtBzXyyrtfRk4fUJjK5fFEkJXrRqHvuYbfkQbvYG5URcWqg
perf_toaddress_1792,5HXwZ7xybjhRPFQpuftMnDnzxKNekgcRa11GhBP9eV6ZhtQs
perf_toaddress_1793,5EG6ovcwZeXMYQdWuJsv7NeVCLcsCzD11rdEea4kbsBvyn25
perf_toaddress_1794,5GYsekgjXgizZqDwAr4BML49ffL4DZUpx6tdhcshiaX7GTPt
perf_toaddress_1795,5FVNCx5vdbJe69zpngTbtFBQVW8G4h1jWuUSn7ap4VGqnh8M
perf_toaddress_1796,5HAfKYYE8k72FZK534ntDTmmB8cEANM5fzvBXXMB81RHopyJ
perf_toaddress_1797,5CfAWpNABDkZfzTZzN89MgcRzRCPPcHnWTHCM5bMQqap2PeG
perf_toaddress_1798,5HrD7dhMKxF6YKdYewE7ebj93Smq7ezb1zNLFMP6egAkxQ5Z
perf_toaddress_1799,5DiBDXYhdH5doPLxJxXRpXtZRtDsQqCTJdkNBPwajQ7eANVS
perf_toaddress_1800,5HfXVUKaQcfUU8KpHjUQCRo5vH5qvgJHbxcb1P4JudRj8hgE
perf_toaddress_1801,5DU545Qw6L7hAwp3DrhDCAGn66g8v8EdQ7EVFjZh8R457M8z
perf_toaddress_1802,5CJGziAuj5waSt8C8eG6pYswmLGttDkCr2mQPxSu1Nayjdu2
perf_toaddress_1803,5CthAB7Q7rxt8nQKrCTFx57mMgGVzuSwXCmFjtNfECDy9jV7
perf_toaddress_1804,5E6YLANH9yyq55w1bZ5TiPo6rb5CfPU9ofpfvSbn4W42eTsz
perf_toaddress_1805,5DpD7dc9NBxcRonVQ4TKbBHzbMnDjvcFC1GZAoTRm6pqXPdL
perf_toaddress_1806,5DpTsJ4hR6tjQM1sMz3RWoNkVbxYJ3t6CCPig2fc2YTyDoYs
perf_toaddress_1807,5D9xAntTUqaBaiK9W9atEoCCJ87qHUMa64pcJDPi2B2icppb
perf_toaddress_1808,5GkCuQaQAcERb7vdhAnEdp54qFxbrzn9f3RgRbNEpFk5ZQou
perf_toaddress_1809,5DHdM6ZLvah1QjuQPSfE6LvesAwSsUaiKmnGpy5D1udoFQUY
perf_toaddress_1810,5HbS4Y21MopZqpqHZpgr72mpwZcKxqBQE6Cmmh2NkkkynrcD
perf_toaddress_1811,5CgvUm3XXwCpesyhseiyu2g6ie2UDwGBdoHM23bJSQLF6eiZ
perf_toaddress_1812,5Cd8HEWtcHXx2A4nJsmUYrCaMtFMbrpPb6x3KreidTVCS4kp
perf_toaddress_1813,5Gyiy2otC1JfcUEBbULNQzp7YZiVUUgAprg8hhpLgBSSSDAU
perf_toaddress_1814,5Go55kchVPCWqypxYoEGgvYtNDUPNJrXuFCJ6EmEorAtfobc
perf_toaddress_1815,5FHKGi7AdbfV2FeAcbabHony2J9NMgihjGbZHYP7HgCQz7Do
perf_toaddress_1816,5CXXpzcRQHmJYoH1xN1JtPfDvs69onu7Aj3fm3fKG6iavnSD
perf_toaddress_1817,5C9hgRwXTggipEPHwNAHp52LM64NEkNo7wCgb264u1XBykMv
perf_toaddress_1818,5CsBGEUHjQX2a3kiQz5EiEp9dUkAwEFuuNbHTyxVzaihDceg
perf_toaddress_1819,5Hmkc8QRqkYqWMeMeFpBCZe8NAN4YMWfkC4BPtNL2B9iyBBp
perf_toaddress_1820,5F1VKwZWqMPDsLFjPdt2nHd9boMBjwhAc2UKbZ5o8H4RBwX8
perf_toaddress_1821,5Egjv7jD4rDoBrbtXrccEyJfMp1wRi87n2kdTCJU6n33FbbZ
perf_toaddress_1822,5EZSyNivGYyKYuYXRg1RVQfYzFxHT1Z1jnMLKc2z9Ri4QXAs
perf_toaddress_1823,5CPybMUaEABeFcSLzUCSjayU3EK86zdWszp1FrW1oVPPmDKZ
perf_toaddress_1824,5G6TEtwzAETiLvL1WqQGFSjhvmSWsy5dzjAFRGzMbgZfzNPp
perf_toaddress_1825,5GeTWkeyt58uJtEGkAqn6m5mvpQYoiB5N7yufWNNHQgfm78k
perf_toaddress_1826,5FtqFq5WcAS9YHbojAMW9YYPtwE6o3XqykgwD1EX1vGuqjwa
perf_toaddress_1827,5EgZMkrBkWg2wmcMtF1RGP49FLUsLpzzNymCuWXk2BNMS72g
perf_toaddress_1828,5GjtW4zb9714XF9o1ZzpVUP9kR1g9kTguqeunBA2Qr9WVQnA
perf_toaddress_1829,5FA2LVjhpJQoHfR59B6bbdiLRN3sP5q6tCqMmyVyN2o2Lma5
perf_toaddress_1830,5F3tN9j6DUWsQHNzs5f6U13vVfHSu9YTb4S5JRUS9jiSbp6f
perf_toaddress_1831,5ESs4Ryi98bS2ni5U1sjMiqCs1QupGxnNnHTbECnkZN8YBHc
perf_toaddress_1832,5E8uBuxMoxgXHryE8mmCULY6YZ6qQ6Jnmfg4YCuZ3GzQaR6F
perf_toaddress_1833,5H1PzCd9okXDMw6BicEysX9HFpWRXd1kN7B5uPggA2TUfkeR
perf_toaddress_1834,5FfYBZwcJHVhtrcDkvz6kBc9t25daGXKagEaQV2uqagEYdCj
perf_toaddress_1835,5FwYQYboyTpc7Kdbe3jY5jfh9f4arE6XQZ5bsuKN9Sfhdx4C
perf_toaddress_1836,5CJMYhjSC9rCjsGEoZTbvuBBrasKPATytnQ1iG9SGLTkZpG3
perf_toaddress_1837,5EqQ2Ftfof3g4YHY5K75ix6gsBVaEQcWeSwiP9KLTTMksgiV
perf_toaddress_1838,5HQJbju8q4tFYXfBp2Z2bCpcPwEH6ue4GNGCo3FgyLuzF5Hv
perf_toaddress_1839,5FcGxw3VHh4zxQ3AJJdkBmjL7oPWip4mLoxMshwesgWiQfQS
perf_toaddress_1840,5Fc6RqjR6QJENBSBoH1q8TAALAE1oddNebGUUZ2mCDNnuDCr
perf_toaddress_1841,5DdLZVi7oGcgtYKsVBgBRMdLM6suN1R4Jbopem5SzSoGaS9Y
perf_toaddress_1842,5GaBkoF6bKTGPueaiLzwHJPZEuvqXxPBmEaKEqPCic9ZNQM2
perf_toaddress_1843,5DWnEUqoKiRtsaheJH59akjSmD8LEsdf3CJEJYHGSZbqhhEu
perf_toaddress_1844,5DTZzJSRx2ENeSkvWpcdruB7ZtGwFPSs56NHa7KUgHHjR8kt
perf_toaddress_1845,5CnBbeJLvXDLgH3ZoV4jpBWgXGp9kjRESRKo3TtFdJsVL5my
perf_toaddress_1846,5GKoHcP6NMuztKHp9XnhZKc61HnuCmToY27WHzNxtmGfb8HH
perf_toaddress_1847,5GXPFbvk2LMpSf4Z5LbczRd7JYiYR8AYaTKiSaMpSYypSb6M
perf_toaddress_1848,5HGAqfuSFgbNcGdiZCBMhqkppmMch2HHGYF6KFtvBAgu43Uj
perf_toaddress_1849,5FDU4knWcWMSfX2d1Ng3eNKpfJjHarxzwXai31gaHSD9dFkd
perf_toaddress_1850,5Cqh1iHYdr5qa4sUe6QM1MuCyCyJ1AQEx2QigJ5CAqkmYQws
perf_toaddress_1851,5CPxuNQE2M4aXRthRgswscHp5N9VedJ8P7gXsTkFkGSVL5Wa
perf_toaddress_1852,5G5ZArk3BvWtoBwyMdUGmzw7iwofBTcHNHABweQHWyKokAcT
perf_toaddress_1853,5Fm1uffSnzqQPzZExKQjySXX4jQvttWYdF1U2YoDnHyrd2PY
perf_toaddress_1854,5DtNUCtd7VyVH9CpVyQY8D63iQBQEyraqdDQcCTZp5ECYNUj
perf_toaddress_1855,5FYtciYFRuzcaMxx2bqivpw8XByfDYLxE2bq5UYnT2mWVoFP
perf_toaddress_1856,5HfuiiMuSwfu17besT9PhQeFoRatvk7ExwodQ3W8qPB18Z1w
perf_toaddress_1857,5D3UXnHgTmZkJ19uxu1CdYfEMvsbBP5U4jR5yszTakEDyLE2
perf_toaddress_1858,5EGYkAi6bA1afAmSH2FaujRd3t8HByd9JHzGqiDtQKcPuLbg
perf_toaddress_1859,5D6BfDEbebP7RStmSJVqkFNvgC92etfG7G4oTB3QLtxx5VQQ
perf_toaddress_1860,5ERkA4XZcSSSTkArwxpF7ghnckFVUREHoMLhuaB1FxjFMHRQ
perf_toaddress_1861,5EJArLevEvGiQAo4XJB87THX6XYVUnq48EQ48PhxBFLJLxpE
perf_toaddress_1862,5CDfXWXVkD7dXQ6mECy3QJf6AGQoK4xhgrojkad7mDpguXKP
perf_toaddress_1863,5F2uVJnDMRJxxWXiu6j6p63DEKNB9eJN5KxhUEv2v1dQaorq
perf_toaddress_1864,5CM36qewxtH993SpwgKULzmdptDLgkY9Zs6LmMQAQhS7KTVJ
perf_toaddress_1865,5GPUSCtXeka9kKShsWmQDyXad1dfyiPjvrEbNST3ELrMXJw1
perf_toaddress_1866,5FtjtLELVFAYGG58qUR5oUXjn6pac5e1yiqbp4YK7BHyVBkn
perf_toaddress_1867,5FY7FAq4Jtfzmam3YCCYiJYiZfQzsUM6875PJsXMeFCLjXJP
perf_toaddress_1868,5CbuzcjzhwrrrdosGCEm5rC72Uzizmx4449UajN4CWpKDq3N
perf_toaddress_1869,5FJQZSghanwpWX3viUGQ5eiHJiQDMhNnePSRDFk5iAK3TDWG
perf_toaddress_1870,5EtgyYmoqH6ke5C66Fp1FwXQ2ohmTivM8KLzQrtVuxcm9NZX
perf_toaddress_1871,5ENaXdfY9mFi134ymtgnGVhP7JubHpyFAgoDAzezZJ5tvUCT
perf_toaddress_1872,5CHpzpwJe1bhuzKGGKH4m2cSrB3hEid3zTDjDS2GuoxPBHYP
perf_toaddress_1873,5E1Dz9JJMUf76dF6V1Pq2q8FaiM2WSenzWKnydopmPZTyyKo
perf_toaddress_1874,5CYULRHoCfLF7XuPZpsnggXGnn24xwuUNTW7hYgmJFQ7Dyas
perf_toaddress_1875,5HcMJKxJTNpsg1UXqQLK42NLYebq6pRZFoEgyus4A8eXKuWB
perf_toaddress_1876,5CDmD42nnQA8qsgMucMyNiKYHgt69XFVQexvo9BWtvNeeq5w
perf_toaddress_1877,5E2c1zBimoZmLyYMjgeqUcjiVAuPbn4om7dUm6x53CCndF3r
perf_toaddress_1878,5GvQGZ8byLdtuWQRKBdFWt7cQtnRDvFFCfr9jaQgCNHixsTa
perf_toaddress_1879,5F8eHSe75d6dqMAF4zKyRuJy7pLsXYq5UQrj4XLnAV3qD8wb
perf_toaddress_1880,5GEpMyVmnJYjCNfyfWxG6JSUeddMyFBnnAShJwUEcFu6pY56
perf_toaddress_1881,5EY96JBeW5DV9DsZzRavaKJReyST5DTbFaStkr3CYeRh3nfy
perf_toaddress_1882,5ExpsbPANfFtySdWCbKSjZmUmDmRavyFpprx6NJYtPVwPUx5
perf_toaddress_1883,5EgpG9FeUF2mhgUnvsdXak66qraeFSpB2niVoJ1gsbr1tttf
perf_toaddress_1884,5Gxg9QbvB4CrHCcnkj5Ysz2MwG1mTvuW6HK8DzzQekokeQg1
perf_toaddress_1885,5H4jkF8E6G4zmTeRrPkRC4fxkBaaazu4bok9eXwFoKodLJKL
perf_toaddress_1886,5GbnbFE7E7AM3Lms4HHD7kkgyc1RvPGgz6ktyaKLkE1myfbi
perf_toaddress_1887,5Ejk8oRGdoGugERMX6XLsQTyettSvPB57bFPoNSyhJwYQQmP
perf_toaddress_1888,5DCd2ghnSDRM3e12stEKYeLoXCQZSdV5GnUQfYNT9snqYYEo
perf_toaddress_1889,5GBuqzEz3VGVBhgovzFTqzitAkksFJQghvTgTsmKBxdNoPez
perf_toaddress_1890,5GuLgMJyi2zu3oZj6SCkn28SyKynxQxDEw4EDBDYAmCb4q5s
perf_toaddress_1891,5HYL8Z27YkpGURMdgRTGSm8fMAMcY3eh1WvikeE7w2B7HSP9
perf_toaddress_1892,5Dn6j48y35P8gh35Bbs2hM9E21JWgJoZYpTvH6m8HDC3L3Xy
perf_toaddress_1893,5DF54hXUzpkiyDhvdJjrYxYwvKypavZ8W1CuM3WfYgg69cEs
perf_toaddress_1894,5G95kWAn1L6nEK3k4i3aMJUPm7rQHooMEmNaGBt9wNT2pZZG
perf_toaddress_1895,5FApyeHpfjEYbjgMjZ8r2m5Heb1HA8pLuQZ7YTL4Phs3LLqw
perf_toaddress_1896,5GapyUUneuAvykJMERYq93AnGY9VUY3C7smqJUJffiKzxKiv
perf_toaddress_1897,5FFVmszWeK5SqEPTsc86zCLFin8RTy6ZDk67fzPsk78NFnAr
perf_toaddress_1898,5CbujJSjHKBrXrpDAmxpoxfYa3pznRAJRgy2b4xE6AXLmpNY
perf_toaddress_1899,5Dytm2YPTe3vYLiLoVJ3eDSUhfTP7518x64fSuuaLToSXRAe
perf_toaddress_1900,5FY944BRHeuJUfnsm4JxkzqJ8GmoP2onNYgqDEJj9LkccM4T
perf_toaddress_1901,5CKz5EMAr2EZr2KnukMVLS4RnA2oJmuAufp8AcvgsSEQY9Fs
perf_toaddress_1902,5DDzEQpNKxPy9BKKFfCoL2ebJDB2mt2dEe5Z2eyQNvc4QhmF
perf_toaddress_1903,5DHachM6UFKnW3VHQn14mS3gBjKdWUe5W3wkysMAb3mYMUv4
perf_toaddress_1904,5Gi27jXAthFKYN35Wy2TCQtYMo3jDQjT74TKjRMgGJPQ1vzh
perf_toaddress_1905,5EiuBAh3oHsMjXS9RvFZAncQDssfJqa9WrTs4WgFUMMKmLFL
perf_toaddress_1906,5D7rhEhtzeB1nyts9oec4CuBpBHX1yvEhhdbQw7nBhYd1m4A
perf_toaddress_1907,5GXW5jP8TqPWRdzyfaCBjWmR2eaFuBrBuBLagsTwWTN4B4Rn
perf_toaddress_1908,5CKZoD4SUvZuBzz8BobukwByVCR4PZUkSioYtv3QJY1Nm9Z5
perf_toaddress_1909,5FNMFB1qhnU4bkZGwuRqnzwiUdeHitTcrgttzWY7CPjaBWiB
perf_toaddress_1910,5GoiyZsWehVrfN7u4g3WpGMECXrVoz62edjo5AWQTwkL2igz
perf_toaddress_1911,5CU9725N3P8Bw2wv2SMntkjV6wahmgfqZJYNXnWr8GexbUoC
perf_toaddress_1912,5GndXrHpJVUQQN6ZLGChXpTXkVELX9QdeDJJMiMgv9pb3LmX
perf_toaddress_1913,5ENeQcXoZJnWXaQ4HeHkdd1EZnG5w3DuodPMraP7yJeHfy7i
perf_toaddress_1914,5G3zRRfCzPLsarGV7wGYDw8MYHGrsKHkAFzaTu3qazMT8hNv
perf_toaddress_1915,5FYNdfiV6x6A2SuxpurvZx2qmARJZZgRnKHT9CcRm8aMkh7V
perf_toaddress_1916,5DJsCxFtgzP9PtRYPAyHGEMdeMzqwGD1hihXGFTvmCKYg8xQ
perf_toaddress_1917,5FJ61eiYXtDQWhhueXThbtCjKQnjEswisZxCQ2LwijTSGRCv
perf_toaddress_1918,5DCUx5YsDg8dEBGQT1av369rThKM8dqSjphLYTuhU9pztoQs
perf_toaddress_1919,5G3Bz2u9jVdVuHyYHZwyB2e5rxs1AHSNYCR4KdGEoZQHf4NG
perf_toaddress_1920,5GgWKUu4pRApzHAieCxMF3MY35N9CQxcsh4wDRZVKLky31eF
perf_toaddress_1921,5GZpPHw8fJ2EdrymTBredrYmmypU5ui8cgV42oSZAMAiwUyr
perf_toaddress_1922,5Fsk13jhU19Xppbxoj4GUpTjqW118QqsLngEF9acC5dk5oBq
perf_toaddress_1923,5HA47J1hopT3Emsg3yjzMY8iu7wR3TCoCuw2Ce1iectB5VWp
perf_toaddress_1924,5EhWa21b7Tq59dsr6Zq1d12TA9V7LiQ4FyVM5g8kRhBNWpPV
perf_toaddress_1925,5EJ7oT1A3EVzaDCVVue7pp8EASYJuZkeYrZ9Lczh8eWaAAKh
perf_toaddress_1926,5EPG5XAiVfSUVNmPUTncF1Kdd6Rn9tMCY8dnAb1pAxWLfbZT
perf_toaddress_1927,5HoCsogM6mw2p6LePvHhW66iTFxRkMRVSDGFCGf3JMtdqZbR
perf_toaddress_1928,5ErDFbJXUgBg8xo3DjMX67KTcR913Egqk2qjjRAbZRriUgiz
perf_toaddress_1929,5FWTKJC89kG91crwKJ7zeEPNQDj29Dbp7tcuCx44z8Xy2onm
perf_toaddress_1930,5ETVNuJKqL8zBSi7fBwrpKDznFUbCMsq2d499LanGe3YJWSu
perf_toaddress_1931,5CJF3WHzAL92BLjQxFPQAGvHvfCPZhw5dWjDPhdNgPvZb4k8
perf_toaddress_1932,5HJCX34N5JqbTwDi9QpZwv7T638My1hJAQWQwZNEXaWvW3vq
perf_toaddress_1933,5DiJ67BJ7gTthENdk43UtHyJnxBNxohbGr3J1NgMh1HSik3t
perf_toaddress_1934,5Cvn9aMCn2wshempZLxsh6aU7KotkDsM5USeWYhJp1eDK6wt
perf_toaddress_1935,5Ev663yVUzGnGXR1qDi5oe6f7egt8PwHXkAdcV5vrtkEccm2
perf_toaddress_1936,5E2YEemvEbJhskQdttDMa5JVRcVwcTRBfH9Pr12Er1KcK2BF
perf_toaddress_1937,5FFatpCAUrxrRGqYtJuuWCz5B3MSb9vL5EgJSjzS2hoBXswE
perf_toaddress_1938,5DSAC4y8VU7EQvanfff6SYhtYbT8WpDkpchWfZ86skYr2D8R
perf_toaddress_1939,5FtDBf9RFF979Ri7qgciyFf7A1knXbpMq3p9Qrt7QKaoDcGp
perf_toaddress_1940,5EZDxpTvqrBeoyqYhxAjoGBbTTNyeQr86S7Z9VKxSiedswBC
perf_toaddress_1941,5E3kJHtTb1h8PpDhDxoFFLXNBaAryqZqRCJLDjeaiyVYK7wW
perf_toaddress_1942,5CK1Vz6HHvUSZH1C6eJGCrcogTVTa3cQgtLkiEzXCW4tkn4m
perf_toaddress_1943,5EqUdDVbtfBzJ3qoJQ4KB9kVhAbLoDWufSDU1vmnyFVpAjVQ
perf_toaddress_1944,5FySZ4P9bmBL41BFv4Uvj3P6RrDYJCyF6ypv52AGma1dk9kL
perf_toaddress_1945,5HDjpTUqSS4jtTvqUBBcXN96KWzrzkdQjpUMUxaBaw6Y2j7b
perf_toaddress_1946,5D2QHex8ztE6vk4cXLjLZheXWQHmZThAATvVCa9XHCvfRmFV
perf_toaddress_1947,5Gc64juNNbAg7xtv8ipEc9oio3w2CnQtvnAPFi15uxUnrRSC
perf_toaddress_1948,5FvHVdqsnh4D2e8H8nxAu6pDQuit9cLm7tNJhncK9hXxT3CD
perf_toaddress_1949,5HFy7qgavqBYXFpzvrrYrNddyvtb2dLzgwXBpMLEfpNtvV2e
perf_toaddress_1950,5CKfjyNuAyoLnESVJiupwtDqcmhpWVjVyBDrrVN64ZH5rwgf
perf_toaddress_1951,5DUUsjzzyP6vaEFjJWKW1S7D121mKEvNvZpxM1xMp7hniXhQ
perf_toaddress_1952,5G8QmgiPiuok5eWYVMUs1xanGP2F55RrzTp5Jjz25PHhr1Wd
perf_toaddress_1953,5GSgYdsKvtcDzD7nUVjQoLiy8rbHZLx5YfUAV6Uu6gPT5vDH
perf_toaddress_1954,5Gk6nb9FR1z2RFPeDhjp1zjyWBrWLiTBep9RMpvhLYizhJLC
perf_toaddress_1955,5CMaxxkJd9FutGpe8XSGgrZ5jubX2MmUwCBYJvqj8osSbxbQ
perf_toaddress_1956,5EsF5hShozFE9fRib7UQmq9P6MPMSDqhya2rZAecBe3RiXVm
perf_toaddress_1957,5GNnb76C4s1Jswf4AnaxuMkitvz1udv4bXzfUa4b9xmb9Jhb
perf_toaddress_1958,5CGUJ8BTccEEgCeH3EYe6RAXbunX8HbwPLHtiNZGZw5XrZnv
perf_toaddress_1959,5DrWJ4He7c3DgjWRxDGCsi5GWA97VuS7kbGiSN5PcfhKCiiw
perf_toaddress_1960,5HieZHLKqcHaHGddB9k2yvM4VymgobDvTAaYVvHUkmxxW8a9
perf_toaddress_1961,5EK32WBAwKQCXDifBzKyfjftWxAPPysnFmQF1zL2ERcsEjVj
perf_toaddress_1962,5CHkip17eh8yaiRYBLtTDTGGqTdqxapkCbRPmpHF67dcRXtR
perf_toaddress_1963,5GxJeKVNPq4uJZT6Ma94NwB9WPw5giCvUUw94NfvF2ncZDHj
perf_toaddress_1964,5DhzHLEwBxfpPzGdcuRunRebF5ac6knMyDouctXYR6pVZmEK
perf_toaddress_1965,5E7Sn7M94iJJiiX6GUfjSFZu9vRVjQxhLGB8kJKUPrgksszP
perf_toaddress_1966,5D7EREjqqpN2rsxt5ZvUb2xhJFgPR99UuZEka9A4nbvK83Q1
perf_toaddress_1967,5DAM9emFw7dYpvgsyhHPNj2nneF73Af5zGM16FhMZLKNk6sF
perf_toaddress_1968,5Gun4tX1oSFB7FtAhKBQUpcJzd4Fq7NdzzTSKqZ1sxSkTYhv
perf_toaddress_1969,5FX8THSSk3hcHbJzZGPFrH3xv5x6Cn3rMG9jSgeNvJM8oshd
perf_toaddress_1970,5HZ3dMUZCixfrccUBfnBnkQ2ghW4PXjPRyED5yGyv5Y57byG
perf_toaddress_1971,5DSpqqcStzpLBnAR5pgzDifzo1D93soyfNTjoYwt2hUYwUGY
perf_toaddress_1972,5FiMUNSjYA3kBHPPWzwszVJqv89HVqNE3VNpytU1uGNgB6Ak
perf_toaddress_1973,5G1jdUk8deSdxdhBfb9QHCvztVRRk7prtnpFCG693LkbA1n1
perf_toaddress_1974,5Eh7znxwdkYogBUbvtEwEcE5rNDkdwuzPBKaHVeghdD2H5ba
perf_toaddress_1975,5FEJhAJrMP2CHdxhXt6xhFVQLKkZsNqMp3zcg98re2KzTiXq
perf_toaddress_1976,5CyGasn7k6iZ44PWtpnqL3Cr6H3ty16LugzFaJpDndx5Kti7
perf_toaddress_1977,5DKVGofuYVMjoxc4pBRcvrYJH7QZ8qSkkA7eGkpfQVcjS8nu
perf_toaddress_1978,5FWmQFeq8yo4jAUSarPi1Cq8MfQjQBJBngdYp3tGmXTWx4w3
perf_toaddress_1979,5FXDeN64ztCsNuNUA4nWUbh5GHgDWJ8hAjrfV41JPtQNPWTE
perf_toaddress_1980,5FXLdSnsV2h4vZ8hPaW6d2FpZ2SQr2bbBhr7axL2hVVrTT7P
perf_toaddress_1981,5GpMdEiPTAeXktaXUKuTuquraGHWvmMBgV5jVHDEHbfePgey
perf_toaddress_1982,5FWrHVuheALEfNJiNorv5Ri3RRqERwWw4d4oQf7CzohxYgPd
perf_toaddress_1983,5EbctjB3wfPd77JgMk89QJWV2TAtYnBDNKo8SbRWnKADREMR
perf_toaddress_1984,5CU8do7x84pBM4UteXqyVmdt7wyUpP4yVV5nhAVb8t84aznc
perf_toaddress_1985,5DU4PJsMeHXFEegiDRUda3zsR3ax1j4idtKk2M1yvfVMFHYr
perf_toaddress_1986,5HZ6HizvqzNbzmFY1igDEBsEd6FfCQ39dciEDvbSAfJcW9UK
perf_toaddress_1987,5HoZTfnw4QU2c1kGBg6rs9VGrkh2arS3KjgsShHk3A5ZeqrF
perf_toaddress_1988,5CZJWynm46MF7cxiXArRMFEeDSwPYUFqM58yqnCdbbS2DFJa
perf_toaddress_1989,5Ezin3ghUprUMnpZatPnf8vzaniG2h2nWDvcE4YTCatb49uA
perf_toaddress_1990,5FEALnqHEVhPcKsSBvy9qmmeJnjfueS6TuiS4wLPd9G6uqH7
perf_toaddress_1991,5FHmCHXUiiKyhNyAtSYWbhYChJYsSBBWL1rQWRQpF8BVLY5r
perf_toaddress_1992,5FmfUATEysVPezPWUCNU6CWgwaDRoCtnJQwEgMUF5Qhw3wmp
perf_toaddress_1993,5HBmzJipFUnEUV1wNhqKqUiigX7JDuMqrGTKax6Zb5S1ACKe
perf_toaddress_1994,5HhTuqP2E8xn689gwwim6ZBd2J7W3muiuYKJAjynJp21uK3c
perf_toaddress_1995,5D5KmYqPoeXEExbKqDTtrdEGgTffUQY2yKLsfLGASRxgs927
perf_toaddress_1996,5DAnzB17t1uxZBGPYGGiMZMfdakNrQxqFSF1LXKDZqLXfqb5
perf_toaddress_1997,5ER2yWHeqFGU2UPoxuvys3YeChtE77UYuLyF3BGdyiGgrjG5
perf_toaddress_1998,5CJykuCrz5FVcrXR5bjbgEmm6X4JA2FpsLL4QJ2XAsgWQxKc
perf_toaddress_1999,5G4rj9iaHareEVNtgW8CYzXf1NFxVcQxnH1SGE4FyCNiwW5e
